Agreement_Num_Region-Co-Dist-Type Code,Sit_Num,Site Name,Site Address,Site City,Site Zip,Site Count,Free Eligibles,Reduced Eligibles,Enrollment,Participates in CEP,CEP Num identified students,Cep Enrollment,PC of Free And Reduced-Priced Eligibility,PC of Free Eligibility,RCDTS
15-016-2990-25,60855,Academy for Global Citizenship,4647 W 47th St,Chicago,60632-4847,Cook,461,0,461,X,231,399,0.92631579,0.578947368,15016299025229C
15-016-2990-25,11913,Addams Elem School,10810 S Avenue H,Chicago,60617-6726,Cook,783,0,783,X,640,882,1,0.725623583,1.50163E+14
15-016-2990-25,11914,Agassiz Elem School,2851 N Seminary Ave,Chicago,60657-4363,Cook,508,0,508,X,208,500,0.6656,0.416,1.50163E+14
15-016-2990-25,62770,Air Force Acad High School,3630 S Wells St,Chicago,60609-1833,Cook,336,0,336,X,204,356,0.916853933,0.573033708,1.50163E+14
15-016-2990-25,57066,Albany Park Multicultural Elem,4929 N Sawyer Ave,Chicago,60625-5008,Cook,553,0,553,X,243,550,0.706909091,0.441818182,1.50163E+14
15-016-2990-25,11915,Alcott Elem School,2625 N Orchard St,Chicago,60614-1573,Cook,977,0,977,X,232,830,0.447228916,0.279518072,1.50163E+14
15-016-2990-25,11916,Aldridge Elem School,630 E 131st St,Chicago,60827-1309,Cook,177,0,177,X,168,211,1,0.796208531,1.50163E+14
15-016-2990-25,11834,Amundsen High School,5110 N Damen Ave,Chicago,60625-1317,Cook,1177,0,1177,X,692,1080,1,0.640740741,1.50163E+14
15-016-2990-25,12409,Ariel Elem Community Academy,1119 E 46th St,Chicago,60653-4403,Cook,872,0,872,X,522,878,0.951252847,0.59453303,1.50163E+14
15-016-2990-25,11919,Armour Elem School,950 W 33rd Pl,Chicago,60608-6712,Cook,280,0,280,X,251,307,1,0.817589577,1.50163E+14
15-016-2990-25,11920,Armstrong G Elem IntL Studies,2110 W Greenleaf Ave,Chicago,60645-3620,Cook,1453,0,1453,X,1079,1467,1,0.735514656,1.50163E+14
15-016-2990-25,48869,Ashburn Community Elem School,8300 S Saint Louis Ave,Chicago,60652-3224,Cook,507,0,507,X,325,464,1,0.700431035,1.50163E+14
15-016-2990-25,12222,Ashe Elem School,8505 S Ingleside Ave,Chicago,60619-6390,Cook,286,0,286,X,281,345,1,0.814492754,1.50163E+14
15-016-2990-25,73366,ASPIRA Business and Finance High School,2989 N Milwaukee Ave,Chicago,60618-7347,Cook,336,0,336,,0,0,1,0,15016299025079C
15-016-2990-25,54799,ASPIRA Charter - Haugan Campus,3729 W Leland Ave,Chicago,60625-5706,Cook,538,0,538,X,447,571,1,0.782837128,15016299025110C
15-016-2990-25,11922,Audubon Elem School,3500 N Hoyne Ave,Chicago,60618-6112,Cook,585,0,585,X,147,580,0.405517241,0.253448276,1.50163E+14
15-016-2990-25,11835,Austin Polytechnical Academy HS,231 N Pine Ave,Chicago,60644-2333,Cook,321,0,321,X,408,487,1,0.837782341,1.50163E+14
15-016-2990-25,11923,Avalon Park Elem School,8045 S Kenwood Ave,Chicago,60619-3494,Cook,298,0,298,X,258,323,1,0.79876161,1.50163E+14
15-016-2990-25,64674,Azuela Elem School,4707 W Marquette Rd,Chicago,60629-5641,Cook,951,0,951,X,678,963,1,0.704049844,1.50163E+14
15-016-2990-25,69982,Back of The Yards IB HS,2111 W 47th St,Chicago,60609-4011,Cook,1044,0,1044,X,427,542,1,0.787822878,1.50163E+14
15-016-2990-AF,69800,Baker College Prep,2710 E 89th Street,Chicago,,Cook,345,23,393,,0,0,0.936386768,0,15016299025040C
15-016-2990-25,11926,Barnard Elem Comp Math & Sci Ctr,10354 S Charles St,Chicago,60643-2998,Cook,323,0,323,X,186,305,0.975737705,0.609836066,1.50163E+14
15-016-2990-25,11927,Barry Elem School,2828 N Kilbourn Ave,Chicago,60641-5381,Cook,683,0,683,X,676,837,1,0.807646356,1.50163E+14
15-016-2990-25,11928,Barton Elem School,7650 S Wolcott Ave,Chicago,60620-5227,Cook,448,0,448,X,465,555,1,0.837837838,1.50163E+14
15-016-2990-25,11929,Bass Elem School,1140 W 66th St,Chicago,60621-1240,Cook,453,0,453,X,445,507,1,0.877712032,1.50163E+14
15-016-2990-25,11930,Bateman Elem School,4220 N Richmond St,Chicago,60618-2616,Cook,1069,0,1069,X,759,1018,1,0.745579568,1.50163E+14
15-016-2990-25,12430,Beard Elem School,6445 W Strong St,Chicago,60656-4011,Cook,178,0,178,X,101,166,0.973493976,0.608433735,1.50163E+14
15-016-2990-25,12345,Beasley Elem Magnet Academic Ctr,5255 S State St,Chicago,60609-6303,Cook,1370,0,1370,X,956,1390,1,0.687769784,1.50163E+14
15-016-2990-25,11932,Beaubien Elem School,5025 N Laramie Ave,Chicago,60630-2326,Cook,1103,0,1103,X,511,1139,0.717822651,0.448639157,1.50163E+14
15-016-2990-25,11933,Beethoven Elem School,25 W 47th St,Chicago,60609-4627,Cook,408,0,408,X,328,394,1,0.83248731,1.50163E+14
15-016-2990-25,11934,Beidler Elem School,3151 W Walnut St,Chicago,60612-1836,Cook,484,0,484,X,409,484,1,0.845041322,1.50163E+14
15-016-2990-25,11935,Belding Elem School,4257 N Tripp Ave,Chicago,60641-2042,Cook,501,0,501,X,351,621,0.904347826,0.565217391,1.50163E+14
15-016-2990-25,11936,Bell Elem School,3730 N Oakley Ave,Chicago,60618-4813,Cook,966,0,966,X,173,1043,0.265388303,0.165867689,1.50163E+14
15-016-2990-25,48868,Belmont-Cragin Elem School,5252 W Palmer St,Chicago,60639-3047,Cook,300,0,300,X,473,590,1,0.801694915,1.50163E+14
15-016-2990-25,11937,Bennett Elem School,10115 S Prairie Ave,Chicago,60628-2135,Cook,330,0,330,X,299,384,1,0.778645833,1.50163E+14
15-016-2990-25,11939,Black Magnet Elem School,9101 S Euclid Ave,Chicago,60617-3749,Cook,444,0,444,X,313,461,1,0.678958785,1.50163E+14
15-016-2990-25,11940,Blaine Elem School,1420 W Grace St,Chicago,60613-2802,Cook,828,0,828,X,165,896,0.294642857,0.184151786,1.50163E+14
15-016-2990-25,12431,Blair Early Childhood Center,6751 W 63rd Pl,Chicago,60638-4829,Cook,160,0,160,X,142,208,1,0.682692308,1.50163E+14
15-016-2990-25,11836,Bogan High School,3939 W 79th St,Chicago,60652-2301,Cook,810,0,810,X,623,939,1,0.663471779,1.50163E+14
15-016-2990-25,11941,Bond Elem School,7050 S May St,Chicago,60621-1114,Cook,322,0,322,X,288,335,1,0.859701493,1.50163E+14
15-016-2990-25,11942,Boone Elem School,6710 N Washtenaw Ave,Chicago,60645-4511,Cook,836,0,836,X,646,847,1,0.762691854,1.50163E+14
15-016-2990-25,11951,Bouchet Elem Math & Science Acad,7355 S Jeffery Blvd,Chicago,60649-3121,Cook,605,0,605,X,552,655,1,0.842748092,1.50163E+14
15-016-2990-25,66683,Bowen High School,2710 E 89th St,Chicago,60617-3192,Cook,355,0,355,X,263,344,1,0.764534884,1.50163E+14
15-016-2990-25,11943,Bradwell Comm Arts & Sci Elem Sch,7736 S Burnham Ave,Chicago,60649-4702,Cook,630,0,630,X,635,740,1,0.858108108,1.50163E+14
15-016-2990-25,11945,Brennemann Elem School,4251 N Clarendon Ave,Chicago,60613-1523,Cook,408,0,408,X,359,466,1,0.770386266,1.50163E+14
15-016-2990-25,11946,Brentano Elem Math & Science Acad,2723 N Fairfield Ave,Chicago,60647-1827,Cook,475,0,475,X,312,426,1,0.732394366,1.50163E+14
15-016-2990-25,11947,Bridge Elem School,3800 N New England Ave,Chicago,60634-2346,Cook,1107,0,1107,X,621,1074,0.925139665,0.578212291,1.50163E+14
15-016-2990-25,11948,Bright Elem School,10740 S Calhoun Ave,Chicago,60617-6418,Cook,295,0,295,X,249,303,1,0.821782178,1.50163E+14
15-016-2990-25,12392,Brighton Park Elem School,3825 S Washtenaw Ave,Chicago,60632-1633,Cook,490,0,490,X,432,520,1,0.830769231,1.50163E+14
15-016-2990-25,70318,Bronzeville Scholastic HS,4934 S Wabash Ave,Chicago,60615-2115,Cook,385,0,385,X,352,450,1,0.782222222,1.50163E+14
15-016-2990-25,11906,Brooks College Prep Academy HS,250 E 111th St,Chicago,60628-4324,Cook,927,0,927,X,378,785,0.77044586,0.481528662,1.50163E+14
15-016-2990-25,11949,Brown  W Elem School,54 N Hermitage Ave,Chicago,60612-2631,Cook,292,0,292,X,214,259,1,0.826254826,1.50163E+14
15-016-2990-25,12160,Brown R Elem Community Acad,12607 S Union Ave,Chicago,60628-7021,Cook,357,0,357,X,241,310,1,0.777419355,1.50163E+14
15-016-2990-25,11950,Brownell Elem School,6741 S Michigan Ave,Chicago,60637-3920,Cook,207,0,207,X,216,244,1,0.885245902,1.50163E+14
15-016-2990-25,11961,Brunson Math & Sci Specialty Elem,932 N Central Ave,Chicago,60651-2705,Cook,544,0,544,X,534,620,1,0.861290323,1.50163E+14
15-016-2990-25,11952,Budlong Elem School,2701 W Foster Ave,Chicago,60625-3507,Cook,796,0,796,X,598,860,1,0.695348837,1.50163E+14
15-016-2990-25,11953,Burbank Elem School,2035 N Mobile Ave,Chicago,60639-3809,Cook,935,0,935,X,779,1002,1,0.77744511,1.50163E+14
15-016-2990-25,11954,Burke Elem School,5356 S King Dr,Chicago,60615-3643,Cook,444,0,444,X,372,445,1,0.835955056,1.50163E+14
15-016-2990-25,11955,Burley Elem School,1630 W Barry Ave,Chicago,60657-3016,Cook,532,0,532,X,97,520,0.298461539,0.186538462,1.50163E+14
15-016-2990-25,11956,Burnham Elem Inclusive Academy,9928 S Crandon Ave,Chicago,60617-5294,Cook,526,0,526,X,475,577,1,0.82322357,1.50163E+14
15-016-2990-25,11958,Burnside Elem Scholastic Academy,650 E 91st Pl,Chicago,60619-7698,Cook,514,0,514,X,399,578,1,0.690311419,1.50163E+14
15-016-2990-25,11959,Burr Elem School,1621 W Wabansia Ave,Chicago,60622-1439,Cook,445,0,445,X,163,405,0.643950617,0.402469136,1.50163E+14
15-016-2990-25,11960,Burroughs Elem School,3542 S Washtenaw Ave,Chicago,60632-1639,Cook,483,0,483,X,376,469,1,0.801705757,1.50163E+14
15-016-2990-25,11963,Byrne Elem School,5329 S Oak Park Ave,Chicago,60638-1117,Cook,661,0,661,X,292,639,0.73114241,0.456964006,1.50163E+14
15-016-2990-25,11964,Caldwell Elem Acad of Math & Sci,8546 S Cregier Ave,Chicago,60617-2296,Cook,278,0,278,X,227,296,1,0.766891892,1.50163E+14
15-016-2990-25,50837,Calmeca Acad Elem School,3456 W 38th St,Chicago,60632-3304,Cook,813,0,813,X,665,810,1,0.820987654,1.50163E+14
15-016-2990-25,11966,Cameron Elem School,1234 N Monticello Ave,Chicago,60651-2217,Cook,786,0,786,X,725,867,1,0.83621684,1.50163E+14
15-016-2990-25,64677,Camras Elem School,3000 N Mango Ave,Chicago,60634-5216,Cook,977,0,977,X,784,1033,1,0.758954502,1.50163E+14
15-016-2990-25,11967,Canty Elem School,3740 N Panama Ave,Chicago,60634-2021,Cook,863,0,863,X,345,820,0.673170732,0.420731707,1.50163E+14
15-016-2990-25,12336,Cardenas Elem School,2345 S Millard Ave,Chicago,60623-3110,Cook,622,0,622,X,611,701,1,0.871611983,1.50163E+14
15-016-2990-25,11968,Carnegie Elem School,1414 E 61st Pl,Chicago,60637-2999,Cook,656,0,656,X,422,593,1,0.71163575,1.50163E+14
15-016-2990-25,11970,Carroll Elem School,2929 W 83rd St,Chicago,60652-3400,Cook,507,0,507,X,392,535,1,0.73271028,1.50163E+14
15-016-2990-25,12397,Carson Elem School,5516 S Maplewood Ave,Chicago,60629-1023,Cook,1092,0,1092,X,954,1168,1,0.816780822,1.50163E+14
15-016-2990-25,11971,Carter Elem School,5740 S Michigan Ave,Chicago,60637-1156,Cook,415,0,415,X,365,405,1,0.901234568,1.50163E+14
15-016-2990-25,11839,Carver Military Academy HS,13100 S Doty Ave,Chicago,60827-1597,Cook,505,0,505,X,350,494,1,0.708502024,1.50163E+14
15-016-2990-25,12165,Carver Primary School,901 E 133rd Pl,Chicago,60827-1427,Cook,477,0,477,X,394,443,1,0.889390519,1.50163E+14
15-016-2990-25,12385,Casals Elem School,3501 W Potomac Ave,Chicago,60651-2231,Cook,456,0,456,X,398,469,1,0.848614073,1.50163E+14
15-016-2990-25,11972,Cassell Elem School,11314 S Spaulding Ave,Chicago,60655-2736,Cook,415,0,415,X,94,394,0.381725888,0.23857868,1.50163E+14
15-016-2990-25,11973,Cather Elem School,2908 W Washington Blvd,Chicago,60612-1934,Cook,398,0,398,X,330,390,1,0.846153846,1.50163E+14
15-016-2990-25,11974,Chalmers Elem Specialty School,2745 W Roosevelt Rd,Chicago,60608-1047,Cook,374,0,374,X,327,367,1,0.891008174,1.50163E+14
15-016-2990-25,11975,Chappell Elem School,2135 W Foster Ave,Chicago,60625-1268,Cook,607,0,607,X,375,551,1,0.680580762,1.50163E+14
15-016-2990-25,11976,Chase Elem School,2021 N Point St,Chicago,60647-4016,Cook,462,0,462,X,371,472,1,0.786016949,1.50163E+14
15-016-2990-25,12404,Chavez Elem Multicultural Acad Ct,4747 S Marshfield Ave,Chicago,60609-4159,Cook,1003,0,1003,X,847,970,1,0.873195876,1.50163E+14
15-016-2990-25,47182,Chicago Academy Elem School,3400 N Austin Ave,Chicago,60634-4229,Cook,1151,0,1151,X,649,1125,0.923022222,0.576888889,1.50163E+14
15-016-2990-25,71862,Chicago Collegiate Charter School,11816 S Indiana Ave,Chicago,60628-6227,Cook,315,0,315,X,122,162,1,0.75308642,15016299025236C
15-016-2990-25,68189,Chicago Excel Acad Charter HS,125 S Clark St,Chicago,60603-5200,Cook,274,0,274,,0,0,1,0,1.50163E+14
15-016-2990-25,11895,Chicago HS for Agricult Sciences,3857 W 111th St,Chicago,60655-4009,Cook,726,0,726,X,243,670,0.580298508,0.362686567,1.50163E+14
15-016-2990-25,66421,Chicago HS for the Arts,2714 W Augusta Blvd,Chicago,60622-4459,Cook,603,0,603,X,217,563,0.61669627,0.385435169,1.50163E+14
15-016-2990-25,62769,Chicago Math & Sci Elem Charter,7212 N Clark St,Chicago,60626-2416,Cook,600,0,600,X,416,599,1,0.694490818,15016299025217C
15-016-2990-25,42866,Chicago Military Academy HS,3519 S Giles Ave,Chicago,60653-1105,Cook,303,0,303,X,267,368,1,0.725543478,1.50163E+14
15-016-2990-25,64851,Chicago Technology Academy HS,1301 W 14th St,Chicago,60608-1409,Cook,287,0,287,X,264,354,1,0.745762712,1.50163E+14
15-016-2990-25,11877,Chicago Vocational Career Acad HS,2100 E 87th St,Chicago,60617-3011,Cook,956,0,956,X,707,910,1,0.776923077,1.50163E+14
15-016-2990-25,11995,Chopin Elem School,2450 W Rice St,Chicago,60622-4612,Cook,463,0,463,X,435,542,1,0.802583026,1.50163E+14
15-016-2990-25,12422,Christopher Elem School,5042 S Artesian Ave,Chicago,60632-1414,Cook,395,0,395,X,290,369,1,0.785907859,1.50163E+14
15-016-2990-BW,70315,Christopher House Chrt ES,5235 W Belden St,Chicago,60639-3001,Cook,277,0,277,X,113,167,1,0.676646707,15016299025235C
15-016-2990-25,52767,Claremont Academy Elem School,2300 W 64th St,Chicago,60636-2458,Cook,447,0,447,X,408,470,1,0.868085106,1.50163E+14
15-016-2990-25,12308,Clark  G R Elem School,1045 S Monitor Ave,Chicago,60644-5434,Cook,251,0,251,X,204,274,1,0.744525547,1.50163E+14
15-016-2990-25,12373,Clark Acad Prep Magnet High Schl,5101 W Harrison St,Chicago,60644-5102,Cook,556,0,556,X,379,466,1,0.813304721,1.50163E+14
15-016-2990-25,11977,Clay Elem School,13231 S Burley Ave,Chicago,60633-1492,Cook,625,0,625,X,469,606,1,0.773927393,1.50163E+14
15-016-2990-25,11886,Clemente Community Academy HS,1147 N Western Ave,Chicago,60622-2931,Cook,751,0,751,X,577,726,1,0.79476584,1.50163E+14
15-016-2990-25,11978,Cleveland Elem School,3121 W Byron St,Chicago,60618-3403,Cook,616,0,616,X,507,665,1,0.762406015,1.50163E+14
15-016-2990-25,11979,Clinton Elem School,6110 N Fairfield Ave,Chicago,60659-2647,Cook,1200,0,1200,X,885,1155,1,0.766233766,1.50163E+14
15-016-2990-25,11980,Clissold Elem School,2350 W 110th Pl,Chicago,60643-3993,Cook,516,0,516,X,251,549,0.73151184,0.4571949,1.50163E+14
15-016-2990-25,46529,Colemon J Elem Academy,1441 W 119th St,Chicago,60643-5094,Cook,256,0,256,X,181,266,1,0.680451128,1.50163E+14
15-016-2990-25,11981,Coles Elem Language Academy,8441 S Yates Blvd,Chicago,60617-1995,Cook,436,0,436,X,417,519,1,0.803468208,1.50163E+14
15-016-2990-25,11891,Collins Academy High School,1313 S Sacramento Dr,Chicago,60623-2218,Cook,312,0,312,X,331,383,1,0.864229765,1.50163E+14
15-016-2990-25,47181,Columbia Explorers Elem Academy,4520 S Kedzie Ave,Chicago,60632-2904,Cook,1165,0,1165,X,915,1103,1,0.829555757,1.50163E+14
15-016-2990-25,11983,Columbus Elem School,1003 N Leavitt St,Chicago,60622-3522,Cook,300,0,300,X,185,282,1,0.656028369,1.50163E+14
15-016-2990-25,11984,Cook Elem School,8150 S Bishop St,Chicago,60620-3854,Cook,375,0,375,X,350,414,1,0.845410628,1.50163E+14
15-016-2990-25,11985,Coonley Elem School,4046 N Leavitt St,Chicago,60618-2922,Cook,951,0,951,X,208,836,0.398086124,0.248803828,1.50163E+14
15-016-2990-25,11986,Cooper Elem Dual Language Academy,1624 W 19th St,Chicago,60608-2902,Cook,496,0,496,X,516,604,1,0.854304636,1.50163E+14
15-016-2990-25,11987,Corkery Elem School,2510 S Kildare Ave,Chicago,60623-3660,Cook,547,0,547,X,512,597,1,0.857621441,1.50163E+14
15-016-2990-25,11885,Corliss High School,821 E 103rd St,Chicago,60628-3003,Cook,381,0,381,X,332,411,1,0.807785888,1.50163E+14
15-016-2990-25,12419,Courtenay Elem Language Arts Ctr,4420 N Beacon St,Chicago,60640-5732,Cook,456,0,456,X,419,566,1,0.740282686,1.50163E+14
15-016-2990-25,11840,Crane Technical Prep High School,2245 W Jackson Blvd,Chicago,60612-2910,Cook,592,0,592,X,256,355,1,0.721126761,1.50163E+14
15-016-2990-25,11988,Crown Elem Comm Acd Fine Arts Ctr,2128 S Saint Louis Ave,Chicago,60623-3121,Cook,311,0,311,X,267,317,1,0.842271293,1.50163E+14
15-016-2990-25,12295,Cuffe Math-Sci Tech Elem Academy,8324 S Racine Ave,Chicago,60620-3118,Cook,371,0,371,X,384,483,1,0.795031056,1.50163E+14
15-016-2990-25,12303,Cullen Elem School,10650 S Eberhart Ave,Chicago,60628-2954,Cook,173,0,173,X,191,253,1,0.754940712,1.50163E+14
15-016-2990-25,11888,Curie Metropolitan High School,4959 S Archer Ave,Chicago,60632-3622,Cook,2962,0,2962,X,1990,2936,1,0.677792916,1.50163E+14
15-016-2990-25,12344,Curtis Elem School,32 E 115th St,Chicago,60628-5510,Cook,584,0,584,X,552,664,1,0.831325301,1.50163E+14
15-016-2990-25,12367,Daley Elem Academy,5024 S Wolcott Ave,Chicago,60609-4856,Cook,619,0,619,X,549,626,1,0.876996805,1.50163E+14
15-016-2990-25,11989,Darwin Elem School,3116 W Belden Ave,Chicago,60647-2806,Cook,525,0,525,X,432,557,1,0.775583483,1.50163E+14
15-016-2990-25,12343,Davis M Magnet Elem School,6740 S Paulina St,Chicago,60636-3307,Cook,261,0,261,X,247,294,1,0.840136054,1.50163E+14
15-016-2990-25,11990,Davis N Elem School,3014 W 39th Pl,Chicago,60632-2402,Cook,779,0,779,X,755,885,1,0.853107345,1.50163E+14
15-016-2990-25,11991,Dawes Elem School,3810 W 81st Pl,Chicago,60652-2400,Cook,1047,0,1047,X,773,1049,1,0.736892278,1.50163E+14
15-016-2990-25,12362,De Diego Elem Community Academy,1313 N Claremont Ave,Chicago,60622-2910,Cook,661,0,661,X,587,760,1,0.772368421,1.50163E+14
15-016-2990-25,12349,Decatur Classical Elem School,7030 N Sacramento Ave,Chicago,60645-2848,Cook,293,0,293,X,39,287,0.217421603,0.135888502,1.50163E+14
15-016-2990-25,11993,Deneen Elem School,7240 S Wabash Ave,Chicago,60619-1092,Cook,567,0,567,X,469,560,1,0.8375,1.50163E+14
15-016-2990-25,12293,Depriest Elem School,139 S Parkside Ave,Chicago,60644-3944,Cook,617,0,617,X,626,742,1,0.843665768,1.50163E+14
15-016-2990-25,11994,Dett Elem School,2131 W Monroe St,Chicago,60612-3014,Cook,317,0,317,X,363,430,1,0.844186047,1.50163E+14
15-016-2990-25,11996,Dever Elem School,3436 N Osceola Ave,Chicago,60634-3344,Cook,790,0,790,X,433,839,0.825744934,0.516090584,1.50163E+14
15-016-2990-25,66502,Devry Advantage Academy High Schl,3300 N Campbell Ave,Chicago,60618-5916,Cook,205,0,205,X,94,193,0.779274611,0.487046632,1.50163E+14
15-016-2990-25,11997,Dewey Elem Academy of Fine Arts,5415 S Union Ave,Chicago,60609-5244,Cook,426,0,426,X,306,358,1,0.854748603,1.50163E+14
15-016-2990-25,12292,Dirksen Elem School,8601 W Foster Ave,Chicago,60656-2721,Cook,887,0,887,X,487,825,0.944484849,0.59030303,1.50163E+14
15-016-2990-25,11998,Disney Elem Magnet School,4140 N Marine Dr,Chicago,60613-2311,Cook,1565,0,1565,X,846,1625,0.832984615,0.520615385,1.50163E+14
15-016-2990-25,60976,Disney II Elem School,3815 N Kedvale Ave,Chicago,60641-3113,Cook,1158,0,1158,X,351,900,0.624,0.39,1.50163E+14
15-016-2990-25,11999,Dixon Elem School,8306 S Saint Lawrence Ave,Chicago,60619-5791,Cook,586,0,586,X,425,631,1,0.673534073,1.50163E+14
15-016-2990-25,12003,Doolittle Elem School,535 E 35th St,Chicago,60616-4111,Cook,287,0,287,X,276,324,1,0.851851852,1.50163E+14
15-016-2990-25,12004,Dore Elem School,6108 S Natoma Ave,Chicago,60638-4116,Cook,738,0,738,X,319,688,0.741860465,0.463662791,1.50163E+14
15-016-2990-25,12375,Douglass Academy High School,543 N Waller Ave,Chicago,60644-1451,Cook,178,0,178,X,195,257,1,0.758754864,1.50163E+14
15-016-2990-25,12006,Drake Elem School,2710 S Dearborn St,Chicago,60616-2684,Cook,419,0,419,X,376,434,1,0.866359447,1.50163E+14
15-016-2990-25,12007,Drummond Elem School,1845 W Cortland St,Chicago,60622-1036,Cook,354,0,354,X,81,347,0.373487032,0.233429395,1.50163E+14
15-016-2990-25,12008,Dubois Elem School,330 E 133rd St,Chicago,60827-1807,Cook,256,0,256,X,178,218,1,0.816513762,1.50163E+14
15-016-2990-25,12009,Dulles Elem School,6311 S Calumet Ave,Chicago,60637-3198,Cook,643,0,643,X,711,783,1,0.908045977,1.50163E+14
15-016-2990-25,11878,Dunbar Vocational Career Acad HS,3000 S King Dr,Chicago,60616-3452,Cook,613,0,613,X,697,850,1,0.82,1.50163E+14
15-016-2990-25,12011,Dunne Technology Acad Elem Sch,10845 S Union Ave,Chicago,60628-3115,Cook,221,0,221,X,192,259,1,0.741312741,1.50163E+14
15-016-2990-25,17457,Durkin Park Elem School,8445 S Kolin Ave,Chicago,60652-3131,Cook,719,0,719,X,434,629,1,0.689984102,1.50163E+14
15-016-2990-25,12012,Dvorak Technology Acad Elem Sch,3615 W 16th St,Chicago,60623-2001,Cook,439,0,439,X,400,452,1,0.884955752,1.50163E+14
15-016-2990-25,12324,Earhart Elem Opt for Knowl School,1710 E 93rd St,Chicago,60617-3697,Cook,250,0,250,X,144,253,0.910671937,0.569169961,1.50163E+14
15-016-2990-25,12013,Earle Elem School,2040 W 62nd St,Chicago,60636-2153,Cook,461,0,461,X,455,534,1,0.852059925,1.50163E+14
15-016-2990-25,12014,Eberhart Elem School,3400 W 65th Pl,Chicago,60629-3402,Cook,1429,0,1429,X,1320,1588,1,0.831234257,1.50163E+14
15-016-2990-25,12015,Ebinger Elem School,7350 W Pratt Ave,Chicago,60631-1121,Cook,805,0,805,X,122,721,0.27073509,0.169209431,1.50163E+14
15-016-2990-25,12016,Edgebrook Elem School,6525 N Hiawatha Ave,Chicago,60646-2938,Cook,518,0,518,X,62,517,0.191876209,0.119922631,1.50163E+14
15-016-2990-25,60977,Edison Park Elem School,6220 N Olcott Ave,Chicago,60631-1815,Cook,566,0,566,X,62,495,0.20040404,0.125252525,1.50163E+14
15-016-2990-25,12018,Edwards Elem School,4815 S Karlov Ave,Chicago,60632-4123,Cook,1552,0,1552,X,1163,1474,1,0.789009498,1.50163E+14
15-016-2990-25,12020,Ellington Elem School,243 N Parkside Ave,Chicago,60644-2243,Cook,642,0,642,X,571,700,1,0.815714286,1.50163E+14
15-016-2990-25,62774,EPIC Academy High School,8255 S Houston Ave,Chicago,60617-2191,Cook,506,0,506,X,292,408,1,0.715686275,15016299025015C
15-016-2990-25,12023,Ericson Elem Scholastic Academy,3600 W 5th Ave,Chicago,60624-3162,Cook,469,0,469,X,362,426,1,0.849765258,1.50163E+14
15-016-2990-25,54802,Erie Elem Charter School,1405 N Washtenaw Ave,Chicago,60622-1632,Cook,423,0,423,X,320,430,1,0.744186047,15016299025219C
15-016-2990-25,12024,Esmond Elem School,1865 W Montvale Ave,Chicago,60643-4217,Cook,322,0,322,X,237,321,1,0.738317757,1.50163E+14
15-016-2990-25,12025,Everett Elem School,3419 S Bell Ave,Chicago,60608-6010,Cook,207,0,207,X,194,230,1,0.843478261,1.50163E+14
15-016-2990-25,12395,Evergreen Academy Elem School,3537 S Paulina St,Chicago,60609-1229,Cook,304,0,304,X,286,365,1,0.783561644,1.50163E+14
15-016-2990-25,12026,Evers Elem School,9811 S Lowe Ave,Chicago,60628-1014,Cook,316,0,316,X,269,370,1,0.727027027,1.50163E+14
15-016-2990-25,72262,Excel Academy - Englewood HS,7141 S Morgan St,Chicago,60621-5000,Cook,246,0,246,X,230,289,1,0.795847751,1.50163E+14
15-016-2990-25,71859,Excel Academy - Woodlawn HS,7530 S South Shore Dr,Chicago,60649-4306,Cook,213,0,213,X,101,146,1,0.691780822,1.50163E+14
15-016-2990-25,42518,Fairfield Elem Academy,6201 S Fairfield Ave,Chicago,60629-2309,Cook,596,0,596,X,505,591,1,0.854483926,1.50163E+14
15-016-2990-25,12027,Falconer Elem School,3020 N Lamon Ave,Chicago,60641-5195,Cook,1210,0,1210,X,1135,1386,1,0.818903319,1.50163E+14
15-016-2990-25,12028,Faraday Elem School,3250 W Monroe St,Chicago,60624-2919,Cook,310,0,310,X,295,345,1,0.855072464,1.50163E+14
15-016-2990-25,12029,Farnsworth Elem School,5414 N Linder Ave,Chicago,60630-1329,Cook,642,0,642,X,319,601,0.849251248,0.53078203,1.50163E+14
15-016-2990-25,11843,Farragut Career Academy HS,2345 S Christiana Ave,Chicago,60623-3217,Cook,844,0,844,X,770,953,1,0.807974816,1.50163E+14
15-016-2990-25,11844,Fenger Academy High School,11220 S Wallace St,Chicago,60628-4728,Cook,283,0,283,X,224,298,1,0.751677852,1.50163E+14
15-016-2990-25,12032,Fernwood Elem School,10041 S Union Ave,Chicago,60628-1824,Cook,304,0,304,X,280,348,1,0.804597701,1.50163E+14
15-016-2990-25,12033,Field Elem School,7019 N Ashland Blvd,Chicago,60626-2716,Cook,199,0,199,X,266,330,1,0.806060606,1.50163E+14
15-016-2990-25,12408,Finkl Elem School,2332 S Western Ave,Chicago,60608-3818,Cook,429,0,429,X,402,477,1,0.842767296,1.50163E+14
15-016-2990-25,12034,Fiske Elem School,6020 S Langley Ave,Chicago,60637-2595,Cook,469,0,469,X,409,477,1,0.857442348,1.50163E+14
15-016-2990-25,11845,Foreman High School,3235 N Leclaire Ave,Chicago,60641-4290,Cook,901,0,901,X,756,1170,1,0.646153846,1.50163E+14
15-016-2990-25,12035,Fort Dearborn Elem School,9025 S Throop St,Chicago,60620-3523,Cook,405,0,405,X,313,394,1,0.794416244,1.50163E+14
15-016-2990-25,12296,Foster Park Elem School,8530 S Wood St,Chicago,60620-4734,Cook,385,0,385,X,291,376,1,0.77393617,1.50163E+14
15-016-2990-25,71861,Foundations College Prep Charter,1233 W 109th Pl,Chicago,60643-3706,Cook,213,0,213,X,75,106,1,0.70754717,15016299025081C
15-016-2990-25,12036,Franklin Elem Fine Arts Center,225 W Evergreen Ave,Chicago,60610-1813,Cook,365,0,365,X,138,362,0.609944751,0.38121547,1.50163E+14
15-016-2990-25,58974,Frazier Prep Acad Elem School,4027 W Grenshaw St,Chicago,60624-3930,Cook,252,0,252,X,208,281,1,0.740213523,15016299025238C
15-016-2990-25,12038,Fuller Elem School,4214 S Saint Lawrence Ave,Chicago,60653-2926,Cook,387,0,387,X,320,381,1,0.839895013,1.50163E+14
15-016-2990-25,12039,Fulton Elem School,5300 S Hermitage Ave,Chicago,60609-5726,Cook,382,0,382,X,432,490,1,0.881632653,1.50163E+14
15-016-2990-25,12040,Funston Elem School,2010 N Central Park Ave,Chicago,60647-3659,,456,0,456,X,451,542,1,0.832103321,1.50163E+14
15-016-2990-25,11846,Gage Park High School,5630 S Rockwell St,Chicago,60629-1030,Cook,370,0,370,X,308,427,1,0.721311475,1.50163E+14
15-016-2990-25,12041,Gale Elem Community Academy,1631 W Jonquil Ter,Chicago,60626-1103,Cook,377,0,377,X,298,375,1,0.794666667,1.50163E+14
15-016-2990-25,12399,Galileo Elem Math & Sci Schol Acd,820 S Carpenter St,Chicago,60607-4237,Cook,580,0,580,X,261,550,0.759272727,0.474545455,1.50163E+14
15-016-2990-25,12042,Gallistel Elem Language Academy,10347 S Ewing Ave,Chicago,60617-6028,Cook,890,0,890,X,1050,1277,1,0.822239624,1.50163E+14
15-016-2990-25,64676,Garcia Lorca Elem School,3231 N Springfield Ave,Chicago,60618-5109,Cook,858,0,858,X,758,922,1,0.822125813,15016299025085C
15-016-2990-25,12334,Garvey  M Elem School,10309 S Morgan St,Chicago,60643-3096,Cook,248,0,248,X,226,285,1,0.792982456,1.50163E+14
15-016-2990-25,12043,Garvy  J Elem School,5225 N Oak Park Ave,Chicago,60656-2139,Cook,794,0,794,X,269,786,0.547582697,0.342239186,1.50163E+14
15-016-2990-25,12044,Gary Elem School,3740 W 31st St,Chicago,60623-5035,Cook,1127,0,1127,X,956,1160,1,0.824137931,1.50163E+14
15-016-2990-25,12061,Gillespie Elem School,9301 S State St,Chicago,60619-7296,Cook,562,0,562,X,442,546,1,0.80952381,1.50163E+14
15-016-2990-25,12047,Goethe Elem School,2236 N Rockwell St,Chicago,60647-3004,Cook,791,0,791,X,515,798,1,0.645363409,1.50163E+14
15-016-2990-25,67971,Goode STEM Academy HS,7651 S Homan Ave,Chicago,60652-1525,Cook,863,0,863,X,367,622,0.944051447,0.590032154,1.50163E+14
15-016-2990-25,12050,Goudy Technology Academy,5120 N Winthrop Ave,Chicago,60640-3112,Cook,734,0,734,X,595,781,1,0.76184379,1.50163E+14
15-016-2990-25,12051,Graham  A Elem School,4436 S Union Ave,Chicago,60609-3465,Cook,455,0,455,X,408,514,1,0.793774319,1.50163E+14
15-016-2990-25,12421,Graham  R Training Center,2347 S Wabash Ave,Chicago,60616-2111,Cook,124,0,124,X,88,130,1,0.676923077,1.50163E+14
15-016-2990-25,12053,Gray Elem School,3730 N Laramie Ave,Chicago,60641-3338,Cook,1155,0,1155,X,938,1323,1,0.708994709,1.50163E+14
15-016-2990-25,71860,Great Lakes Academy Charter ES,8401 S Saginaw Ave,Chicago,60617-2029,Cook,252,0,252,X,89,116,1,0.767241379,15016299025241C
15-016-2990-25,12054,Greeley Elem School,832 W Sheridan Rd,Chicago,60613-3004,Cook,618,0,618,X,489,673,1,0.726597325,1.50163E+14
15-016-2990-25,11910,Green  W Elem School,1150 W 96th St,Chicago,60643-1461,Cook,382,0,382,X,259,346,1,0.748554913,1.50163E+14
15-016-2990-25,12055,Greene N Elem School,3525 S Honore St,Chicago,60609-1210,Cook,723,0,723,X,647,802,1,0.806733167,1.50163E+14
15-016-2990-25,12056,Gregory Math & Sci Elem Academy,3715 W Polk St,Chicago,60624-4016,Cook,357,0,357,X,366,432,1,0.847222222,1.50163E+14
15-016-2990-25,12057,Gresham Elem School,8524 S Green St,Chicago,60620-3234,Cook,341,0,341,X,293,344,1,0.851744186,1.50163E+14
15-016-2990-25,12058,Grimes Elem School,5450 W 64th Pl,Chicago,60638-5634,Cook,467,0,467,X,338,479,1,0.705636743,1.50163E+14
15-016-2990-25,12299,Grissom Elem School,12810 S Escanaba Ave,Chicago,60633-1298,Cook,371,0,371,X,168,339,0.792920354,0.495575221,1.50163E+14
15-016-2990-25,12354,Gunsaulus Elem Scholastic Academy,4420 S Sacramento Ave,Chicago,60632-2509,Cook,798,0,798,X,639,850,1,0.751764706,1.50163E+14
15-016-2990-25,12060,Haines Elem School,247 W 23rd Pl,Chicago,60616-1907,Cook,674,0,674,X,411,667,0.985907047,0.616191904,1.50163E+14
15-016-2990-25,12062,Hale Elem School,6140 S Melvina Ave,Chicago,60638-4300,Cook,979,0,979,X,575,955,0.963350785,0.602094241,1.50163E+14
15-016-2990-25,11944,Haley Elem Academy,11411 S Eggleston Ave,Chicago,60628-4737,Cook,582,0,582,X,506,619,1,0.817447496,1.50163E+14
15-016-2990-25,12063,Hamilton Elem School,1650 W Cornelia Ave,Chicago,60657-1228,Cook,478,0,478,X,106,423,0.400945627,0.250591017,1.50163E+14
15-016-2990-25,12064,Hamline Elem School,4747 S Bishop St,Chicago,60609-4206,Cook,616,0,616,X,580,668,1,0.868263473,1.50163E+14
15-016-2990-25,12065,Hammond Elem School,2819 W 21st Pl,Chicago,60623-3503,Cook,461,0,461,X,446,514,1,0.86770428,1.50163E+14
15-016-2990-25,44989,Hampton Elem Fine & Perf Arts Sch,3434 W 77th St,Chicago,60652-1453,Cook,564,0,564,X,430,577,1,0.745233969,1.50163E+14
15-016-2990-25,12384,Hancock College Preparatory HS,4034 W 56th St,Chicago,60629-4442,Cook,897,0,897,X,600,901,1,0.665926748,1.50163E+14
15-016-2990-25,12317,Hanson Park Elem School,5411 W Fullerton Ave,Chicago,60639-1459,Cook,1550,0,1550,X,1319,1584,1,0.83270202,1.50163E+14
15-016-2990-25,11847,Harlan Community Academy HS,9652 S Michigan Ave,Chicago,60628-1415,Cook,499,0,499,X,541,736,1,0.735054348,1.50163E+14
15-016-2990-25,11848,Harper High School,6520 S Wood St,Chicago,60636-3002,Cook,176,0,176,X,247,319,1,0.774294671,1.50163E+14
15-016-2990-25,12066,Harte Elem School,1556 E 56th St,Chicago,60637-1911,Cook,336,0,336,X,263,375,1,0.701333333,1.50163E+14
15-016-2990-25,12068,Harvard Elem School,7525 S Harvard Ave,Chicago,60620-1616,Cook,433,0,433,X,399,467,1,0.854389722,1.50163E+14
15-016-2990-25,12069,Haugan Elem School,4540 N Hamlin Ave,Chicago,60625-5928,Cook,968,0,968,X,952,1133,1,0.840247132,1.50163E+14
15-016-2990-25,12070,Hawthorne Elem Scholastic Academy,3319 N Clifton Ave,Chicago,60657-2224,Cook,576,0,576,X,112,572,0.313286713,0.195804196,1.50163E+14
15-016-2990-25,12302,Hay Elem Community Academy,1018 N Laramie Ave,Chicago,60651-2930,Cook,427,0,427,X,431,525,1,0.820952381,1.50163E+14
15-016-2990-25,12071,Hayt Elem School,1518 W Granville Ave,Chicago,60660-1812,Cook,1054,0,1054,X,742,1008,1,0.736111111,1.50163E+14
15-016-2990-25,12072,Healy Elem School,3010 S Parnell Ave,Chicago,60616-3199,Cook,1475,0,1475,X,910,1404,1,0.648148148,1.50163E+14
15-016-2990-25,12073,Hearst Elem School,4640 S Lamon Ave,Chicago,60638-2044,Cook,360,0,360,X,284,349,1,0.813753582,1.50163E+14
15-016-2990-25,12074,Hedges Elem School,4747 S Winchester Ave,Chicago,60609-4140,Cook,693,0,693,X,683,783,1,0.872286079,1.50163E+14
15-016-2990-25,12075,Hefferan Elem School,4409 W Wilcox St,Chicago,60624-2550,Cook,372,0,372,X,360,431,1,0.835266821,1.50163E+14
15-016-2990-25,12076,Henderson Elem School,5650 S Wolcott Ave,Chicago,60636-1127,Cook,268,0,268,X,281,339,1,0.828908555,1.50163E+14
15-016-2990-25,12077,Hendricks Elem Community Academy,4316 S Princeton Ave,Chicago,60609-3643,Cook,232,0,232,X,226,255,1,0.88627451,1.50163E+14
15-016-2990-25,12078,Henry Elem School,4250 N Saint Louis Ave,Chicago,60618-1121,Cook,557,0,557,X,570,671,1,0.849478391,1.50163E+14
15-016-2990-25,62704,Hernandez Middle School,3510 W 55th St,Chicago,60632-3284,Cook,1047,0,1047,X,736,935,1,0.787165775,1.50163E+14
15-016-2990-25,12081,Herzl Elem School,3711 W Douglas Blvd,Chicago,60623-1413,Cook,1089,0,1089,X,819,992,1,0.825604839,1.50163E+14
15-016-2990-25,12082,Hibbard Elem School,3244 W Ainslie St,Chicago,60625-5018,Cook,1064,0,1064,X,975,1163,1,0.838349097,1.50163E+14
15-016-2990-25,12083,Higgins Elem Community Academy,11710 S Morgan St,Chicago,60643-5249,Cook,280,0,280,X,254,337,1,0.753709199,1.50163E+14
15-016-2990-25,11849,Hirsch Metropolitan High School,7740 S Ingleside Ave,Chicago,60619-3207,Cook,172,0,172,X,145,175,1,0.828571429,1.50163E+14
15-016-2990-25,12085,Hitch Elem School,5625 N McVicker Ave,Chicago,60646-6102,Cook,595,0,595,X,299,573,0.834904014,0.521815009,1.50163E+14
15-016-2990-25,12086,Holden Elem School,1104 W 31st St,Chicago,60608-5602,Cook,506,0,506,X,411,530,1,0.775471698,1.50163E+14
15-016-2990-25,12087,Holmes Elem School,955 W Garfield Blvd,Chicago,60621-2240,Cook,213,0,213,X,182,209,1,0.870813397,1.50163E+14
15-016-2990-25,12364,Hope College Prep High School,5515 S Lowe Ave,Chicago,60621-2920,Cook,471,0,471,X,302,372,1,0.811827957,1.50163E+14
15-016-2990-25,62703,Hope Inst Learning Acad Elem School,1628 W Washington Blvd,Chicago,60612-2613,Cook,365,0,365,X,284,375,1,0.757333333,1.50163E+14
15-016-2990-25,72263,Horizon Sci Academy - Southwest Charter,5401 S Western Ave,Chicago,60609-5438,Cook,670,0,670,X,349,436,1,0.800458716,15016299025240C
15-016-2990-25,12088,Howe Elem School,720 N Lorel Ave,Chicago,60644-1666,Cook,500,0,500,X,464,555,1,0.836036036,1.50163E+14
15-016-2990-25,12090,Hoyne Elem School,8905 S Crandon Ave,Chicago,60617-3095,Cook,254,0,254,X,155,237,1,0.654008439,1.50163E+14
15-016-2990-25,11850,Hubbard High School,6200 S Hamlin Ave,Chicago,60629-4030,Cook,1784,0,1784,X,1109,1619,1,0.684990735,1.50163E+14
15-016-2990-25,12091,Hughes  C Elem School,4247 W 15th St,Chicago,60623-1929,Cook,276,0,276,X,295,326,1,0.904907976,1.50163E+14
15-016-2990-25,12297,Hughes L Elem School,240 W 104th St,Chicago,60628-2510,Cook,487,0,487,X,474,576,1,0.822916667,1.50163E+14
15-016-2990-25,12092,Hurley Elem School,3849 W 69th Pl,Chicago,60629-4210,Cook,869,0,869,X,649,858,1,0.756410256,1.50163E+14
15-016-2990-25,11851,Hyde Park Academy High School,6220 S Stony Island Ave,Chicago,60637-2998,Cook,773,0,773,X,652,811,1,0.803945746,1.50163E+14
15-016-2990-25,12153,Inter-American Elem Magnet School,851 W Waveland Ave,Chicago,60613-4301,Cook,716,0,716,X,299,650,0.736,0.46,1.50163E+14
15-016-2990-25,70568,Intrinsic Charter High School,4540 W Belmont Ave,Chicago,60641-4541,Cook,989,0,989,X,265,431,0.983758701,0.614849188,15016299025022C
15-016-2990-25,12093,Irving Elem School,749 S Oakley Blvd,Chicago,60612-3514,Cook,481,0,481,X,337,467,1,0.721627409,1.50163E+14
15-016-2990-25,12094,Jackson A Elem Language Acad,1340 W Harrison St,Chicago,60607-3317,Cook,561,0,561,X,195,564,0.553191489,0.345744681,1.50163E+14
15-016-2990-25,11908,Jackson M Elem School,917 W 88th St,Chicago,60620-3204,Cook,331,0,331,X,301,351,1,0.857549858,1.50163E+14
15-016-2990-25,12095,Jahn Elem School,3149 N Wolcott Ave,Chicago,60657-2044,Cook,346,0,346,X,203,324,1,0.62654321,1.50163E+14
15-016-2990-25,12096,Jamieson Elem School,5650 N Mozart St,Chicago,60659-4823,Cook,884,0,884,X,589,917,1,0.642311887,1.50163E+14
15-016-2990-25,12099,Jensen Elem Scholastic Academy,3030 W Harrison St,Chicago,60612-3343,Cook,455,0,455,X,395,470,1,0.840425532,1.50163E+14
15-016-2990-25,12101,Johnson Elem School,1420 S Albany Ave,Chicago,60623-2205,Cook,467,0,467,X,361,412,1,0.876213592,1.50163E+14
15-016-2990-25,11880,Jones College Prep High School,700 S State St,Chicago,60605-2109,Cook,1825,0,1825,X,420,1422,0.47257384,0.29535865,1.50163E+14
15-016-2990-25,12335,Joplin Elem School,7931 S Honore St,Chicago,60620-4560,Cook,417,0,417,X,361,451,1,0.800443459,1.50163E+14
15-016-2990-25,12407,Jordan Elem Community School,7414 N Wolcott Ave,Chicago,60626-1519,Cook,509,0,509,X,501,606,1,0.826732673,1.50163E+14
15-016-2990-25,11893,Juarez Community Academy HS,2150 S Laflin St,Chicago,60608-4409,Cook,1618,0,1618,X,1207,1625,1,0.742769231,1.50163E+14
15-016-2990-25,11889,Julian High School,10330 S Elizabeth St,Chicago,60643-2394,Cook,666,0,666,X,585,796,1,0.734924623,1.50163E+14
15-016-2990-25,12102,Jungman Elem School,1746 S Miller St,Chicago,60608-2313,Cook,293,0,293,X,230,280,1,0.821428571,1.50163E+14
15-016-2990-25,12350,Kanoon Elem Magnet School,2233 S Kedzie Ave,Chicago,60623-3317,Cook,666,0,666,X,631,737,1,0.856173677,1.50163E+14
15-016-2990-25,12323,Keller Elem Gifted Magnet School,3020 W 108th St,Chicago,60655-2112,Cook,241,0,241,X,41,243,0.269958848,0.16872428,1.50163E+14
15-016-2990-25,12103,Kellogg Elem School,9241 S Leavitt St,Chicago,60643-6318,Cook,251,0,251,X,98,249,0.629718876,0.393574297,1.50163E+14
15-016-2990-25,11852,Kelly High School,4136 S California Ave,Chicago,60632-1817,Cook,2095,0,2095,X,1457,2109,1,0.690848744,1.50163E+14
15-016-2990-25,11853,Kelvyn Park High School,4343 W Wrightwood Ave,Chicago,60639-2060,Cook,537,0,537,X,591,838,1,0.705250597,1.50163E+14
15-016-2990-25,11854,Kennedy High School,6325 W 56th St,Chicago,60638-2539,Cook,1663,0,1663,X,791,1518,0.83372859,0.521080369,1.50163E+14
15-016-2990-25,11855,Kenwood Academy High School,5015 S Blackstone Ave,Chicago,60615-3086,Cook,1799,0,1799,X,901,1714,0.841073512,0.525670945,1.50163E+14
15-016-2990-25,12104,Kershaw Elem School,6450 S Lowe Ave,Chicago,60621-2706,Cook,278,0,278,X,245,287,1,0.853658537,1.50163E+14
15-016-2990-25,12106,Kilmer Elem School,6700 N Greenview Ave,Chicago,60626-4208,Cook,811,0,811,X,628,791,1,0.793931732,1.50163E+14
15-016-2990-25,12084,King Academy of Social Justice,644 W 71st St,Chicago,60621-2357,Cook,240,0,240,X,214,243,1,0.880658436,1.50163E+14
15-016-2990-25,11868,King College Prep High School,4445 S Drexel Blvd,Chicago,60653-3551,Cook,657,0,657,X,399,717,0.890376569,0.556485356,1.50163E+14
15-016-2990-25,12108,Kinzie Elem School,5625 S Mobile Ave,Chicago,60638-3459,Cook,684,0,684,X,331,689,0.768650218,0.480406386,1.50163E+14
15-016-2990-25,12109,Kipling Elem School,9351 S Lowe Ave,Chicago,60620-2324,Cook,314,0,314,X,271,378,1,0.716931217,1.50163E+14
15-016-2990-25,65514,Kipp Ascend Elem Charter School,1616 S Avers Ave,Chicago,60623-2401,Cook,226,0,226,X,590,703,1,0.839260313,15016299025282C
15-016-2990-25,11897,KIPP Chicago Charter Schools,4818 W Ohio St,Chicago,60644-1702,Cook,305,0,305,X,178,224,1,0.794642857,15016299025101C
15-016-2990-25,12112,Kozminski Elem Community Academy,936 E 54th St,Chicago,60615-5074,Cook,285,0,285,X,282,361,1,0.781163435,1.50163E+14
15-016-2990-25,11856,Lake View High School,4015 N Ashland Ave,Chicago,60613-2593,Cook,1321,0,1321,X,783,1301,0.962951576,0.601844735,1.50163E+14
15-016-2990-25,11857,Lane Technical High School,2501 W Addison St,Chicago,60618-5902,Cook,4215,0,4215,X,1629,4032,0.646428571,0.404017857,1.50163E+14
15-016-2990-25,12311,Langford A Elem School,6010 S Throop St,Chicago,60636-1816,Cook,317,0,317,X,351,390,1,0.9,1.50163E+14
15-016-2990-25,12413,Lara Elem Academy,4619 S Wolcott Ave,Chicago,60609-3855,Cook,476,0,476,X,414,503,1,0.82306163,1.50163E+14
15-016-2990-25,12114,LaSalle Elem Language Academy,1734 N Orleans St,Chicago,60614-5797,Cook,563,0,563,X,156,547,0.45630713,0.285191956,1.50163E+14
15-016-2990-25,66624,LaSalle II Lang Acad Elem Sch,1148 N Honore St,Chicago,60622-3705,Cook,595,0,595,X,243,602,0.645847176,0.403654485,1.50163E+14
15-016-2990-25,12267,Lavizzo Elem School,138 W 109th St,Chicago,60628-3433,Cook,356,0,356,X,356,424,1,0.839622642,1.50163E+14
15-016-2990-25,12116,Lawndale Elem Community Academy,3500 W Douglas Blvd,Chicago,60623-1634,Cook,303,0,303,X,364,418,1,0.870813397,1.50163E+14
15-016-2990-25,12310,Lee Elem School,6448 S Tripp Ave,Chicago,60629-5121,Cook,855,0,855,X,653,882,1,0.740362812,1.50163E+14
15-016-2990-25,66700,Legacy Elem Charter School,4217 W 18th St,Chicago,60623-2325,Cook,470,0,470,X,402,491,1,0.818737271,15016299025221C
15-016-2990-BT,70123,Legal Prep Academy Charter HS,4319 W Washington Blvd,Chicago,60624-2232,Cook,296,0,301,X,99,161,0.983850932,0.614906832,15016299025019C
15-016-2990-25,12314,Leland Elem School,512 S Lavergne Ave,Chicago,60644-4948,Cook,487,0,487,X,528,617,1,0.855753647,1.50163E+14
15-016-2990-25,12381,Lenart Elem Regional Gifted Ctr,8101 S La Salle St,Chicago,60620-1223,Cook,289,0,289,X,101,292,0.553424658,0.345890411,1.50163E+14
15-016-2990-25,12118,Lewis Elem School,1431 N Leamington Ave,Chicago,60651-1444,Cook,477,0,477,X,445,538,1,0.827137547,1.50163E+14
15-016-2990-25,12119,Libby Elem School,5300 S Loomis Blvd,Chicago,60609-5948,Cook,378,0,378,X,414,479,1,0.864300626,1.50163E+14
15-016-2990-25,12120,Lincoln Elem School,615 W Kemper Pl,Chicago,60614-3319,Cook,861,0,861,X,115,829,0.221954162,0.138721351,1.50163E+14
15-016-2990-25,11874,Lincoln Park High School,2001 N Orchard St,Chicago,60614-4404,Cook,2155,0,2155,X,873,2229,0.626648721,0.391655451,1.50163E+14
15-016-2990-25,11858,Lindblom Math & Science Acad HS,6130 S Wolcott Ave,Chicago,60636-2100,Cook,1299,0,1299,X,522,1163,0.718142734,0.448839209,1.50163E+14
15-016-2990-25,12121,Linne Elem School,3221 N Sacramento Ave,Chicago,60618-5825,Cook,650,0,650,X,498,651,1,0.764976959,1.50163E+14
15-016-2990-25,71247,Little Black Pearl Arts Acad HS,1060 E 47th St,Chicago,60653-3600,Cook,149,0,149,X,126,175,1,0.72,1.50163E+14
15-016-2990-25,12410,Little Village Elem School,2620 S Lawndale Ave,Chicago,60623-4519,Cook,836,0,836,X,786,900,1,0.873333333,1.50163E+14
15-016-2990-25,12122,Lloyd Elem School,2103 N Lamon Ave,Chicago,60639-3238,Cook,1160,0,1160,X,1026,1241,1,0.826752619,1.50163E+14
15-016-2990-25,12123,Locke  J Elem School,2828 N Oak Park Ave,Chicago,60634-4866,Cook,1376,0,1376,X,944,1347,1,0.70081663,1.50163E+14
15-016-2990-25,42625,Locke A Elem Charter Academy,3141 W Jackson Blvd,Chicago,60612-2729,Cook,552,0,552,X,429,573,1,0.7486911,15016299025206C
15-016-2990-25,12401,Logandale Middle School,3212 W George St,Chicago,60618-7529,Cook,782,0,782,X,659,827,1,0.796856106,1.50163E+14
15-016-2990-25,12124,Lovett Elem School,6333 W Bloomingdale Ave,Chicago,60639-3817,Cook,406,0,406,X,326,433,1,0.752886836,1.50163E+14
15-016-2990-25,12125,Lowell Elem School,3320 W Hirsch St,Chicago,60651-2361,Cook,528,0,528,X,496,590,1,0.840677966,1.50163E+14
15-016-2990-25,12111,Lozano Elem Bilingual & Intl Ctr,1501 N Greenview Ave,Chicago,60642-2355,Cook,233,0,233,X,209,263,1,0.794676806,1.50163E+14
15-016-2990-25,12127,Lyon Elem School,2941 N McVicker Ave,Chicago,60634-5146,Cook,1504,0,1504,X,1093,1456,1,0.750686813,1.50163E+14
15-016-2990-25,12368,Madero Middle School,3202 W 28th St,Chicago,60623-4708,Cook,337,0,337,X,280,327,1,0.856269113,1.50163E+14
15-016-2990-25,12128,Madison Elem School,7433 S Dorchester Ave,Chicago,60619-2194,Cook,243,0,243,X,182,224,1,0.8125,1.50163E+14
15-016-2990-25,12129,Manierre Elem School,1420 N Hudson Ave,Chicago,60610-1124,Cook,357,0,357,X,313,367,1,0.852861035,1.50163E+14
15-016-2990-25,11887,Manley Career Academy High School,2935 W Polk St,Chicago,60612-3904,Cook,191,0,191,X,247,305,1,0.809836066,1.50163E+14
15-016-2990-25,12130,Mann Elem School,8050 S Chappel Ave,Chicago,60617-1091,Cook,387,0,387,X,298,378,1,0.788359788,1.50163E+14
15-016-2990-25,15146,Marine Leadership Academy - Ames,1920 N Hamlin Ave,Chicago,60647-3411,Cook,846,0,846,X,551,726,1,0.758953168,1.50163E+14
15-016-2990-25,12132,Marquette Elem School,6550 S Richmond St,Chicago,60629-2821,Cook,1169,0,1169,X,1098,1269,1,0.865248227,1.50163E+14
15-016-2990-25,12133,Marsh Elem School,9822 S Exchange Ave,Chicago,60617-5446,Cook,802,0,802,X,669,864,1,0.774305556,1.50163E+14
15-016-2990-25,11859,Marshall Metropolitan High School,3250 W Adams St,Chicago,60624-2901,Cook,394,0,394,X,355,431,1,0.823665893,1.50163E+14
15-016-2990-25,12134,Mason Elem School,4217 W 18th St,Chicago,60623-2325,Cook,373,0,373,X,358,423,1,0.846335697,1.50163E+14
15-016-2990-25,11860,Mather High School,5835 N Lincoln Ave,Chicago,60659-4610,Cook,1517,0,1517,X,952,1559,0.977036562,0.610647851,1.50163E+14
15-016-2990-25,12136,Mayer Elem School,2250 N Clifton Ave,Chicago,60614-3523,Cook,730,0,730,X,151,669,0.361136024,0.225710015,1.50163E+14
15-016-2990-25,12347,Mays Elem Academy,6656 S Normal Blvd,Chicago,60621-2558,Cook,423,0,423,X,401,467,1,0.858672377,1.50163E+14
15-016-2990-25,12398,McAuliffe Elem School,1841 N Springfield Ave,Chicago,60647-4600,Cook,766,0,766,X,602,732,1,0.822404372,1.50163E+14
15-016-2990-25,12138,McClellan Elem School,3527 S Wallace St,Chicago,60609-1737,Cook,370,0,370,X,246,304,1,0.809210526,1.50163E+14
15-016-2990-25,12140,McCormick Elem School,2712 S Sawyer Ave,Chicago,60623-4738,Cook,800,0,800,X,723,829,1,0.872135103,1.50163E+14
15-016-2990-25,12141,McCutcheon Elem School,4865 N Sheridan Rd,Chicago,60640-3717,Cook,427,0,427,X,373,462,1,0.807359307,1.50163E+14
15-016-2990-25,12142,McDade Elem Classical School,8801 S Indiana Ave,Chicago,60619-6692,Cook,196,0,196,X,67,181,0.592265193,0.370165746,1.50163E+14
15-016-2990-25,12322,McDowell Elem School,1419 E 89th St,Chicago,60619-7196,Cook,171,0,171,X,140,186,1,0.752688172,1.50163E+14
15-016-2990-25,12143,McKay Elem School,6901 S Fairfield Ave,Chicago,60629-1912,Cook,815,0,815,X,727,844,1,0.861374408,1.50163E+14
15-016-2990-25,12301,McNair Elem School,4820 W Walton St,Chicago,60651-3209,Cook,405,0,405,X,330,392,1,0.841836735,1.50163E+14
15-016-2990-25,12144,McPherson Elem School,4728 N Wolcott Ave,Chicago,60640-4364,Cook,742,0,742,X,560,790,1,0.70886076,1.50163E+14
15-016-2990-25,12147,Melody Elem School,3937 W Wilcox St,Chicago,60624-2833,Cook,510,0,510,X,501,574,1,0.8728223,1.50163E+14
15-016-2990-25,12348,Metcalfe Elem Community Academy,12339 S Normal Ave,Chicago,60628-6413,Cook,419,0,419,X,370,453,1,0.816777042,1.50163E+14
15-016-2990-25,12232,Mireles Elem Academy,9000 S Exchange Ave,Chicago,60617-4296,Cook,579,0,579,X,602,700,1,0.86,1.50163E+14
15-016-2990-25,12148,Mitchell Elem School,2233 W Ohio St,Chicago,60612-1519,Cook,399,0,399,X,202,361,0.895290859,0.559556787,1.50163E+14
15-016-2990-25,12149,Mollison Elem School,4415 S Dr Martin L King Jr Dr,Chicago,60653-3310,Cook,381,0,381,X,376,440,1,0.854545455,1.50163E+14
15-016-2990-25,12150,Monroe Elem School,3651 W Schubert Ave,Chicago,60647-1157,Cook,900,0,900,X,812,981,1,0.827726809,1.50163E+14
15-016-2990-25,67969,Montessori of Englewood Chtr ES,6936 S Hermitage Ave,Chicago,60636-3333,Cook,293,0,293,X,209,248,1,0.842741936,15016299025233C
15-016-2990-25,12151,Moos Elem School,1711 N California Ave,Chicago,60647-5103,Cook,524,0,524,X,422,519,1,0.81310212,1.50163E+14
15-016-2990-25,11861,Morgan Park High School,1744 W Pryor Ave,Chicago,60643-3497,Cook,1442,0,1442,X,859,1372,1,0.626093295,1.50163E+14
15-016-2990-25,12152,Morrill Elem Math & Sci School,6011 S Rockwell St,Chicago,60629-1133,Cook,764,0,764,X,735,850,1,0.864705882,1.50163E+14
15-016-2990-25,12371,Morton Elem Career Academy,431 N Troy St,Chicago,60612-1713,Cook,394,0,394,X,321,368,1,0.872282609,1.50163E+14
15-016-2990-25,12155,Mount Greenwood Elem School,10841 S Homan Ave,Chicago,60655-2611,Cook,1109,0,1109,X,188,1061,0.283506126,0.177191329,1.50163E+14
15-016-2990-25,12156,Mount Vernon Elem School,10540 S Morgan St,Chicago,60643-3098,Cook,261,0,261,X,218,275,1,0.792727273,1.50163E+14
15-016-2990-25,73367,Moving Everest Charter School,416 N Laramie Ave,Chicago,60644-1906,Cook,273,0,273,,0,0,1,0,15016299025244C
15-016-2990-25,12157,Mozart Elem School,2200 N Hamlin Ave,Chicago,60647-2222,Cook,712,0,712,X,681,800,1,0.85125,1.50163E+14
15-016-2990-25,12158,Murphy Elem School,3539 W Grace St,Chicago,60618-4237,Cook,564,0,564,X,393,577,1,0.681109185,1.50163E+14
15-016-2990-25,12159,Murray Elem Language Academy,5335 S Kenwood Ave,Chicago,60615-5393,Cook,522,0,522,X,226,513,0.704873294,0.440545809,1.50163E+14
15-016-2990-AT,52752,Namaste Charter School Inc,3737 S Paulina St,Chicago,60609-2047,Cook,307,73,485,,0,0,0.783505155,0,15016299025218C
15-016-2990-25,12161,Nash Elem School,4837 W Erie St,Chicago,60644-1720,Cook,341,0,341,X,297,352,1,0.84375,1.50163E+14
15-016-2990-25,48872,National Teachers Elem Academy,55 W Cermak Rd,Chicago,60616-2001,Cook,709,0,709,X,453,617,1,0.734197731,1.50163E+14
15-016-2990-25,12162,Neil Elem School,8555 S Michigan Ave,Chicago,60619-5687,Cook,286,0,286,X,240,318,1,0.754716981,1.50163E+14
15-016-2990-25,12163,Nettelhorst Elem School,3252 N Broadway St,Chicago,60657-3521,Cook,824,0,824,X,195,827,0.377267231,0.235792019,1.50163E+14
15-016-2990-25,50836,New Field Elem School,1707 W Morse Ave,Chicago,60626-3203,Cook,685,0,685,X,458,605,1,0.757024793,1.50163E+14
15-016-2990-25,12164,Newberry Elem Math & Science Acad,700 W Willow St,Chicago,60614-5108,Cook,576,0,576,X,278,566,0.785865724,0.491166078,1.50163E+14
15-016-2990-25,11931,Nicholson Technology Acad Elem Sch,6006 S Peoria St,Chicago,60621-2114,Cook,522,0,522,X,492,573,1,0.858638744,1.50163E+14
15-016-2990-25,12166,Nightingale Elem School,5250 S Rockwell St,Chicago,60632-1540,Cook,1283,0,1283,X,1095,1315,1,0.83269962,1.50163E+14
15-016-2990-25,12361,Ninos Heroes Elem Academic Ctr,8344 S Commercial Ave,Chicago,60617-2145,Cook,374,0,374,X,317,379,1,0.83641161,1.50163E+14
15-016-2990-25,12167,Nixon Elem School,2121 N Keeler Ave,Chicago,60639-3603,Cook,890,0,890,X,810,980,1,0.826530612,1.50163E+14
15-016-2990-25,62771,Nkrumah Academy Elem School,901 E 95th St,Chicago,60619-7826,Cook,214,0,214,X,207,302,1,0.685430464,15016299025231C
15-016-2990-25,12168,Nobel Elem School,4127 W Hirsch St,Chicago,60651-1806,Cook,883,0,883,X,725,845,1,0.857988166,1.50163E+14
15-016-2990-AF,57319,Noble St Chtr Rauner College Prep,1337 W Ohio St,Chicago,60642-6430,Cook,425,105,639,,0,0,0.82942097,0,15016299025029C
15-016-2990-AF,62856,Noble St Chtr-Chicago Bulls Prep,2040 W Adams St,Chicago,60612-3052,Cook,871,143,1147,,0,0,0.884045336,0,15016299025034C
15-016-2990-AF,60923,Noble St Chtr-Comer College Prep,7131 S South Chicago Ave,Chicago,60619-1254,Cook,842,136,1146,,0,0,0.853403141,0,15016299025032C
15-016-2990-AF,68188,Noble St Chtr-DRW Trading College Prep,931 S Homan Ave,Chicago,60624-4108,Cook,477,44,549,,0,0,0.948998179,0,15016299025038C
15-016-2990-AF,59045,Noble St Chtr-Golder College Prep,1454 W Superior St,Chicago,60642-5255,Cook,516,83,656,,0,0,0.913109756,0,15016299025031C
15-016-2990-AF,68187,Noble St Chtr-Hansberry College Prep - Silver,8748 S Aberdeen St,Chicago,60620-3438,Cook,538,76,709,,0,0,0.866008463,0,15016299025037C
15-016-2990-AF,72004,Noble St Chtr-ITW Speer Acad,2456 N Mango Ave,Chicago,60639-2313,Cook,618,108,819,,0,0,0.886446886,0,15016299025042C
15-016-2990-AF,64839,Noble St Chtr-Johnson College Prep,6350 S Stewart Ave,Chicago,60621-3138,Cook,777,50,863,,0,0,0.958285052,0,15016299025036C
15-016-2990-AF,62857,Noble St Chtr-Muchin College Prep,1 N State St,Chicago,60602-3302,Cook,635,168,944,,0,0,0.850635593,0,15016299025035C
15-016-2990-AF,57320,Noble St Chtr-Pritzker College Prep,4131 W Cortland St,Chicago,60639-4923,Cook,902,55,1009,,0,0,0.948463826,0,15016299025028C
15-016-2990-AF,59044,Noble St Chtr-Rowe-Clark MS Acad,3645 W Chicago Ave,Chicago,60651-3934,Cook,487,25,547,,0,0,0.936014625,0,15016299025030C
15-016-2990-AF,72005,Noble St Chtr-The Noble Academy,17 N State St,Chicago,60602-3315,Cook,262,32,346,,0,0,0.849710983,0,15016299025041C
15-016-2990-AF,60924,Noble St Chtr-UIC College Prep,1231 S Damen Ave,Chicago,60608-1145,Cook,621,150,906,,0,0,0.850993378,0,15016299025033C
15-016-2990-AF,74658,Noble Street Chtr School - Mansueto High School,5101 S Keeler Ave,Chicago,60632-4205,Cook,146,21,180,,0,0,0.927777778,0,15016299025044C
15-016-2990-25,50835,North River Elem School,4416 N Troy St,Chicago,60625-4520,Cook,331,0,331,X,288,359,1,0.802228412,1.50163E+14
15-016-2990-25,52766,North-Grand High School,4338 W Wabansia Ave,Chicago,60639-4837,Cook,973,0,973,X,674,915,1,0.736612022,1.50163E+14
15-016-2990-25,42521,Northside College Preparatory Hs,5501 N Kedzie Ave,Chicago,60625-3923,Cook,1071,0,1071,X,280,1040,0.430769231,0.269230769,1.50163E+14
15-016-2990-25,12426,Northside Learning Center,3730 W Bryn Mawr Ave,Chicago,60659-3134,Cook,230,0,230,X,168,258,1,0.651162791,1.50163E+14
15-016-2990-25,42516,Northwest Middle School,5252 W Palmer St,Chicago,60639-3047,Cook,497,0,497,X,433,583,1,0.74271012,1.50163E+14
15-016-2990-25,12169,Norwood Park Elem School,5900 N Nina Ave,Chicago,60631-2408,Cook,413,0,413,X,79,377,0.335278515,0.209549072,1.50163E+14
15-016-2990-25,12170,Ogden Elem School,24 W Walton St,Chicago,60610-3304,Cook,1558,0,1558,X,407,1611,0.404220981,0.252638113,1.50163E+14
15-016-2990-25,12171,Oglesby Elem School,7646 S Green St,Chicago,60620-2854,Cook,466,0,466,X,405,484,1,0.83677686,1.50163E+14
15-016-2990-25,12172,OKeeffe Elem School,6940 S Merrill Ave,Chicago,60649-1721,Cook,660,0,660,X,586,694,1,0.844380404,1.50163E+14
15-016-2990-25,12173,Onahan Elem School,6634 W Raven St,Chicago,60631-2503,Cook,642,0,642,X,206,645,0.511007752,0.319379845,1.50163E+14
15-016-2990-25,12174,Oriole Park Elem School,5424 N Oketo Ave,Chicago,60656-1747,Cook,735,0,735,X,140,679,0.329896907,0.206185567,1.50163E+14
15-016-2990-25,12370,Orozco Elem Fine Arts & Sciences,1940 W 18th St,Chicago,60608-1903,Cook,569,0,569,X,466,598,1,0.779264214,1.50163E+14
15-016-2990-25,11862,Orr Academy High School,730 N Pulaski Rd,Chicago,60624-1063,Cook,396,0,396,X,294,382,1,0.769633508,1.50163E+14
15-016-2990-25,12412,Ortiz De Dominguez Elem School,3000 S Lawndale Ave,Chicago,60623-4524,Cook,596,0,596,X,629,736,1,0.854619565,1.50163E+14
15-016-2990-25,12176,Otis Elem School,525 N Armour St,Chicago,60642-6105,Cook,497,0,497,X,482,596,1,0.808724832,1.50163E+14
15-016-2990-25,12177,OToole Elem School,6550 S Seeley Ave,Chicago,60636-2500,Cook,403,0,403,X,383,460,1,0.832608696,1.50163E+14
15-016-2990-25,12179,Owen Elem Scholastic Academy,8247 S Christiana Ave,Chicago,60652-3300,Cook,265,0,265,X,113,246,0.73495935,0.459349594,1.50163E+14
15-016-2990-25,12049,Owens Community Academy ES,12302 S State St,Chicago,60628-6811,Cook,453,0,453,X,405,503,1,0.805168986,1.50163E+14
15-016-2990-25,12181,Palmer Elem School,5051 N Kenneth Ave,Chicago,60630-2620,Cook,840,0,840,X,602,884,1,0.680995475,1.50163E+14
15-016-2990-25,12184,Park Manor Elem School,7037 S Rhodes Ave,Chicago,60637-4617,Cook,330,0,330,X,308,379,1,0.812664908,1.50163E+14
15-016-2990-25,12182,Parker Elem Community Academy,6800 S Stewart Ave,Chicago,60621-2441,Cook,577,0,577,X,650,754,1,0.862068966,1.50163E+14
15-016-2990-25,12185,Parkside Elem Community Academy,6938 S East End Ave,Chicago,60649-1422,Cook,252,0,252,X,254,300,1,0.846666667,1.50163E+14
15-016-2990-25,12186,Pasteur Elem School,5825 S Kostner Ave,Chicago,60629-5238,Cook,1270,0,1270,X,925,1239,1,0.746569814,1.50163E+14
15-016-2990-25,45022,Payton College Preparatory HS,1034 N Wells St,Chicago,60610-2513,Cook,981,0,981,X,211,894,0.377628635,0.236017897,1.50163E+14
15-016-2990-25,62768,Peace and Education Coalition HS,4946 S Paulina St,Chicago,60609-4833,Cook,125,0,125,X,101,125,1,0.808,1.50163E+14
15-016-2990-25,12188,Peck Elem School,3826 W 58th St,Chicago,60629-3849,Cook,1665,0,1665,X,1259,1634,1,0.770501836,1.50163E+14
15-016-2990-25,12189,Peirce Elem Intl Studies School,1423 W Bryn Mawr Ave,Chicago,60660-4224,Cook,1036,0,1036,X,582,1014,0.918343195,0.573964497,1.50163E+14
15-016-2990-25,12190,Penn Elem School,1616 S Avers Ave,Chicago,60623-2401,Cook,366,0,366,X,325,393,1,0.82697201,1.50163E+14
15-016-2990-25,12387,Perez Elem School,1241 W 19th St,Chicago,60608-3200,Cook,319,0,319,X,295,341,1,0.865102639,1.50163E+14
15-016-2990-25,12192,Pershing Elem Humanities Magnet,3200 S Calumet Ave,Chicago,60616-4866,Cook,630,0,630,X,325,519,1,0.626204239,1.50163E+14
15-016-2990-AJ,60914,Perspectives Chtr -  IIT Campus,3663 S Wabash Ave,Chicago,60653-1032,Cook,465,0,465,X,362,543,1,0.666666667,
15-016-2990-AJ,59056,Perspectives Chtr - High School of Technology,8131 S May St Fl 2,Chicago,60620-3007,Cook,375,0,375,X,311,421,1,0.73871734,15016299025053C
15-016-2990-AJ,15145,Perspectives Chtr - Joslin Campus,1930 S Archer Ave,Chicago,60616-6505,Cook,397,0,397,X,197,375,0.840533333,0.525333333,15016299025050C
15-016-2990-AJ,59054,Perspectives Chtr - Leadership Acad,8131 S May St Fl 3,Chicago,60620-3007,Cook,347,0,347,X,275,387,1,0.710594315,15016299025051C
15-016-2990-25,12193,Peterson Elem School,5510 N Christiana Ave,Chicago,60625-4606,Cook,880,0,880,X,560,899,0.996662959,0.622914349,1.50163E+14
15-016-2990-25,11863,Phillips Academy High School,244 E Pershing Rd,Chicago,60653-2222,Cook,589,0,589,X,438,555,1,0.789189189,1.50163E+14
15-016-2990-25,54808,Phoenix Military Academy HS,145 S Campbell Ave,Chicago,60612-2923,Cook,543,0,543,X,352,478,1,0.736401674,1.50163E+14
15-016-2990-25,12175,Piccolo Elem Specialty School,1040 N Keeler Ave,Chicago,60651-3514,Cook,604,0,604,X,462,540,1,0.855555556,1.50163E+14
15-016-2990-25,12194,Pickard Elem School,2301 W 21st Pl,Chicago,60608-3809,Cook,475,0,475,X,493,566,1,0.871024735,1.50163E+14
15-016-2990-25,12100,Pilsen Elem Community Academy,1420 W 17th St,Chicago,60608-2121,Cook,363,0,363,X,360,440,1,0.818181818,1.50163E+14
15-016-2990-25,12195,Pirie Elem Fine Arts & Academic C,650 E 85th St,Chicago,60619-6112,Cook,292,0,292,X,241,334,1,0.721556886,1.50163E+14
15-016-2990-25,12196,Plamondon Elem School,2642 W 15th Pl,Chicago,60608-1703,Cook,146,0,146,X,130,147,1,0.884353742,1.50163E+14
15-016-2990-25,12352,Poe Elem Classical School,10538 S Langley Ave,Chicago,60628-3092,Cook,214,0,214,X,79,199,0.635175879,0.396984925,1.50163E+14
15-016-2990-BE,66326,Polaris Elem Charter Academy,620 N Sawyer Ave,Chicago,60624-1528,Cook,453,0,453,X,266,426,0.999061033,0.624413146,15016299025226C
15-016-2990-25,12198,Portage Park Elem School,5330 W Berteau Ave,Chicago,60641-1398,Cook,936,0,936,X,662,1047,1,0.632282713,1.50163E+14
15-016-2990-25,12337,Powell Elem Paideia Comm Academy,7511 S South Shore Dr,Chicago,60649-4305,Cook,572,0,572,X,447,546,1,0.818681319,1.50163E+14
15-016-2990-25,12199,Prescott Elem School,1632 W Wrightwood Ave,Chicago,60614-2268,Cook,375,0,375,X,144,324,0.711111111,0.444444444,1.50163E+14
15-016-2990-25,62705,Prieto Math-Science Elem Sch,2231 N Central Ave,Chicago,60639-2956,Cook,1016,0,1016,X,837,1047,1,0.799426934,1.50163E+14
15-016-2990-25,12281,Pritzker Elem School,2009 W Schiller St,Chicago,60622-1915,Cook,750,0,750,X,333,735,0.724897959,0.453061225,1.50163E+14
15-016-2990-25,11881,Prosser Career Academy HS,2148 N Long Ave,Chicago,60639-2914,Cook,1406,0,1406,X,963,1450,1,0.664137931,1.50163E+14
15-016-2990-25,12201,Prussing Elem School,4650 N Menard Ave,Chicago,60630-3348,Cook,708,0,708,X,416,685,0.971678832,0.60729927,1.50163E+14
15-016-2990-25,12202,Pulaski Intl Sch of Chicago,2230 W McLean Ave,Chicago,60647-4410,Cook,911,0,911,X,560,898,0.997772829,0.623608018,1.50163E+14
15-016-2990-25,52825,Raby High School,3545 W Fulton Blvd,Chicago,60624-1928,Cook,456,0,456,X,389,465,1,0.83655914,1.50163E+14
15-016-2990-25,12351,Randolph Elem School,7316 S Hoyne Ave,Chicago,60636-3755,Cook,511,0,511,X,411,493,1,0.8336714,1.50163E+14
15-016-2990-25,12205,Ravenswood Elem School,4332 N Paulina St,Chicago,60613-1220,Cook,551,0,551,X,200,522,0.61302682,0.383141763,1.50163E+14
15-016-2990-25,12206,Ray Elem School,5631 S Kimbark Ave,Chicago,60637-1605,Cook,620,0,620,X,359,725,0.792275862,0.495172414,1.50163E+14
15-016-2990-25,12208,Reavis Elem Math & Sci Spec Schl,834 E 50th St,Chicago,60615-2620,Cook,247,0,247,X,215,257,1,0.836575876,1.50163E+14
15-016-2990-25,12210,Reilly Elem School,3650 W School St,Chicago,60618-5358,Cook,1003,0,1003,X,859,1087,1,0.79024839,1.50163E+14
15-016-2990-25,12211,Reinberg Elem School,3425 N Major Ave,Chicago,60634-4334,Cook,619,0,619,X,623,875,1,0.712,1.50163E+14
15-016-2990-25,12212,Revere Elem School,1010 E 72nd St,Chicago,60619-1398,Cook,226,0,226,X,254,297,1,0.855218855,1.50163E+14
15-016-2990-25,11882,Richards Career Academy HS,5009 S Laflin St,Chicago,60609-4940,Cook,262,0,262,X,252,296,1,0.851351351,1.50163E+14
15-016-2990-25,12316,Robinson Elem School,4225 S Lake Park Ave,Chicago,60653-3064,Cook,132,0,132,X,113,133,1,0.84962406,1.50163E+14
15-016-2990-25,12214,Rogers Elem School,7345 N Washtenaw Ave,Chicago,60645-1429,Cook,784,0,784,X,492,754,1,0.652519894,1.50163E+14
15-016-2990-25,11864,Roosevelt High School,3436 W Wilson Ave,Chicago,60625-5318,Cook,1232,0,1232,X,881,1275,1,0.690980392,1.50163E+14
15-016-2990-25,64852,Rowe Elementary,1424 N Cleaver St,Chicago,60642-2331,Cook,946,0,946,X,469,686,1,0.683673469,15016299025230C
15-016-2990-25,12425,Rudolph Elem Learning Center,110 N Paulina St,Chicago,60612-2600,Cook,100,0,100,X,91,116,1,0.784482759,1.50163E+14
15-016-2990-25,12216,Ruggles Elem School,7831 S Prairie Ave,Chicago,60619-2893,Cook,407,0,407,X,329,419,1,0.785202864,1.50163E+14
15-016-2990-25,12390,Ruiz Elem School,2410 S Leavitt St,Chicago,60608-4032,Cook,776,0,776,X,646,836,1,0.772727273,1.50163E+14
15-016-2990-25,12217,Ryder Elem Math & Sci Spec School,8716 S Wallace St,Chicago,60620-2124,Cook,411,0,411,X,323,389,1,0.83033419,1.50163E+14
15-016-2990-25,12365,Sabin Elem Magnet School,2216 W Hirsch St,Chicago,60622-1837,Cook,603,0,603,X,451,589,1,0.765704584,1.50163E+14
15-016-2990-25,12312,Salazar Elem Bilingual Center,160 W Wendell St,Chicago,60610-2727,Cook,368,0,368,X,252,380,1,0.663157895,1.50163E+14
15-016-2990-25,42519,Sandoval Elem School,5534 S Saint Louis Ave,Chicago,60629-3810,Cook,1020,0,1020,X,926,1124,1,0.823843416,1.50163E+14
15-016-2990-25,12366,Saucedo Elem Scholastic Academy,2850 W 24th Blvd,Chicago,60623-3508,Cook,1380,0,1380,X,1256,1520,1,0.82631579,1.50163E+14
15-016-2990-25,12219,Sauganash Elem School,6040 N Kilpatrick Ave,Chicago,60646-5816,Cook,585,0,585,X,170,581,0.468158348,0.292598967,1.50163E+14
15-016-2990-25,12220,Sawyer Elem School,5248 S Sawyer Ave,Chicago,60632-3131,Cook,1661,0,1661,X,1475,1795,1,0.82172702,1.50163E+14
15-016-2990-25,12221,Sayre Elem Language Academy,1850 N Newland Ave,Chicago,60707-3305,Cook,460,0,460,X,313,540,0.927407407,0.57962963,1.50163E+14
15-016-2990-25,12223,Scammon Elem School,4201 W Henderson St,Chicago,60641-4627,Cook,806,0,806,X,751,962,1,0.780665281,1.50163E+14
15-016-2990-25,12226,Schmid Elem School,9755 S Greenwood Ave,Chicago,60628-1610,Cook,216,0,216,X,165,207,1,0.797101449,1.50163E+14
15-016-2990-25,12228,Schubert Elem School,2727 N Long Ave,Chicago,60639-1529,Cook,858,0,858,X,762,941,1,0.809776833,1.50163E+14
15-016-2990-25,11865,Schurz High School,3601 N Milwaukee Ave,Chicago,60641-3033,Cook,1834,0,1834,X,1449,2158,1,0.671455051,1.50163E+14
15-016-2990-25,11866,Senn High School,5900 N Glenwood Ave,Chicago,60660-3312,Cook,2007,0,2007,X,1134,1811,1,0.626173385,1.50163E+14
15-016-2990-25,12229,Seward Elem Communication Arts Ac,4600 S Hermitage Ave,Chicago,60609-3831,Cook,745,0,745,X,729,830,1,0.878313253,1.50163E+14
15-016-2990-25,12231,Sheridan Elem Math & Science Acad,533 W 27th St,Chicago,60616-2574,Cook,563,0,563,X,211,555,0.608288288,0.38018018,1.50163E+14
15-016-2990-25,12233,Sherman Elem School,1000 W 52nd St,Chicago,60609-6012,Cook,299,0,299,X,305,361,1,0.844875346,1.50163E+14
15-016-2990-25,12234,Sherwood Elem School,245 W 57th St,Chicago,60621-4055,Cook,336,0,336,X,324,363,1,0.892561984,1.50163E+14
15-016-2990-25,12235,Shields Elem School,4250 S Rockwell St,Chicago,60632-1216,Cook,957,0,957,X,931,1066,1,0.873358349,1.50163E+14
15-016-2990-25,67970,Shields Middle School,2611 W 48th St,Chicago,60632-1402,Cook,658,0,658,X,576,698,1,0.8252149,1.50163E+14
15-016-2990-25,12236,Shoesmith Elem School,1330 E 50th St,Chicago,60615-2992,Cook,357,0,357,X,263,355,1,0.74084507,1.50163E+14
15-016-2990-25,12237,Shoop Math-Sci Tech Elem Academy,11140 S Bishop St,Chicago,60643-3607,Cook,480,0,480,X,400,504,1,0.793650794,1.50163E+14
15-016-2990-25,11883,Simeon Career Academy High School,8147 S Vincennes Ave,Chicago,60620-1761,Cook,1346,0,1346,X,979,1354,1,0.723042836,1.50163E+14
15-016-2990-25,12424,Simpson Acad HS for Young Women,1321 S Paulina St,Chicago,60608-1221,Cook,71,0,71,X,50,68,1,0.735294118,1.50163E+14
15-016-2990-25,12238,Skinner Elem School,111 S Throop St,Chicago,60607-2530,Cook,1068,0,1068,X,231,992,0.372580645,0.232862903,1.50163E+14
15-016-2990-25,64803,Skinner North Elem Sch,640 W Scott St,Chicago,60610-1093,Cook,488,0,488,X,60,414,0.231884058,0.144927536,1.50163E+14
15-016-2990-25,12332,Smith  W Elem School,744 E 103rd St,Chicago,60628-1657,Cook,376,0,376,X,300,353,1,0.849858357,1.50163E+14
15-016-2990-25,12239,Smyser Elem School,4310 N Melvina Ave,Chicago,60634-1542,Cook,994,0,994,X,616,1013,0.972951629,0.608094768,1.50163E+14
15-016-2990-25,12240,Smyth  J Elem School,1059 W 13th St,Chicago,60608-1526,Cook,448,0,448,X,389,474,1,0.820675106,1.50163E+14
15-016-2990-25,12241,Solomon Elem School,6206 N Hamlin Ave,Chicago,60659-1096,Cook,361,0,361,X,171,361,0.757894737,0.473684211,1.50163E+14
15-016-2990-25,64675,Solorio Academy High School,5400 S St Louis Ave,Chicago,60632-3287,Cook,1147,0,1147,X,727,1054,1,0.689753321,1.50163E+14
15-016-2990-25,12380,South Loop Elem School,1212 S Plymouth Ct,Chicago,60605-2718,Cook,783,0,783,X,220,914,0.38512035,0.240700219,1.50163E+14
15-016-2990-25,69728,South Shore Fine Arts Elem Sch,1415 E 70th St,Chicago,60637-4879,Cook,459,0,459,X,366,478,1,0.765690377,1.50163E+14
15-016-2990-25,66419,South Shore Intl Col Prep HS,1955 E 75th St,Chicago,60649-3688,Cook,605,0,605,X,410,646,1,0.634674923,1.50163E+14
15-016-2990-25,12434,Southside Occupational Acad HS,7342 S Hoyne Ave,Chicago,60636-3755,Cook,272,0,272,X,122,196,0.995918367,0.62244898,1.50163E+14
15-016-2990-25,12242,Spencer Technology Acad Elem Sch,214 N Lavergne Ave,Chicago,60644-2517,Cook,707,0,707,X,697,825,1,0.844848485,1.50163E+14
15-016-2990-25,12247,Spry Elem Community School,2400 S Marshall Blvd,Chicago,60623-4146,Cook,763,0,763,X,764,867,1,0.881199539,1.50163E+14
15-016-2990-25,12243,Stagg Elem School,7424 S Morgan St,Chicago,60621-1047,Cook,448,0,448,X,456,555,1,0.821621622,1.50163E+14
15-016-2990-25,11869,Steinmetz College Prep HS,3030 N Mobile Ave,Chicago,60634-4041,Cook,1391,0,1391,X,993,1590,0.999245283,0.624528302,1.50163E+14
15-016-2990-25,66420,STEM Magnet Academy Elem,1522 W Fillmore St,Chicago,60607-4614,Cook,461,0,461,X,135,377,0.572944297,0.358090186,1.50163E+14
15-016-2990-25,12244,Stevenson Elem School,8010 S Kostner Ave,Chicago,60652-2110,Cook,997,0,997,X,936,1290,1,0.725581395,1.50163E+14
15-016-2990-25,12432,Stock Early Childhood Center,7507 W Birchwood Ave,Chicago,60631-4322,Cook,245,0,245,X,64,278,0.368345324,0.230215827,1.50163E+14
15-016-2990-25,12246,Stone Elem Scholastic Academy,6239 N Leavitt St,Chicago,60659-3007,Cook,628,0,628,X,240,621,0.618357488,0.38647343,1.50163E+14
15-016-2990-25,12250,Stowe Elem School,3444 W Wabansia Ave,Chicago,60647-4813,Cook,698,0,698,X,676,789,1,0.856780735,1.50163E+14
15-016-2990-25,54804,Suder Montessori Elem Magnet Schl,2022 W Washington Blvd,Chicago,60612-2429,Cook,412,0,412,X,181,403,0.718610422,0.449131514,1.50163E+14
15-016-2990-25,11870,Sullivan High School,6631 N Bosworth Ave,Chicago,60626-4223,Cook,651,0,651,X,371,559,1,0.663685152,1.50163E+14
15-016-2990-25,12253,Sumner Elem Math & Sci Comm Acad,4320 W 5th Ave,Chicago,60624-3401,Cook,267,0,267,X,246,305,1,0.806557377,1.50163E+14
15-016-2990-25,12254,Sutherland Elem School,10015 S Leavitt St,Chicago,60643-1991,Cook,622,0,622,X,237,724,0.523756906,0.327348066,1.50163E+14
15-016-2990-25,12255,Swift Elem Specialty School,5900 N Winthrop Ave,Chicago,60660-3520,Cook,690,0,690,X,475,714,1,0.665266106,1.50163E+14
15-016-2990-25,11871,Taft High School,6530 W Bryn Mawr Ave,Chicago,60631-3185,Cook,3298,0,3298,X,1255,3104,0.646907217,0.40431701,1.50163E+14
15-016-2990-25,12256,Talcott Elem School,1840 W Ohio St,Chicago,60622-5505,Cook,530,0,530,X,376,551,1,0.682395644,1.50163E+14
15-016-2990-25,48871,Talman Elem School,5450 S Talman Ave,Chicago,60632-1520,Cook,447,0,447,X,349,439,1,0.794988611,1.50163E+14
15-016-2990-25,12257,Tanner Elem School,7350 S Evans Ave,Chicago,60619-1990,Cook,351,0,351,X,344,406,1,0.84729064,1.50163E+14
15-016-2990-25,54807,Tarkington Elem School,3330 W 71st St,Chicago,60629-3503,Cook,1013,0,1013,X,815,1029,1,0.792031098,1.50163E+14
15-016-2990-25,12258,Taylor Elem School,9912 S Avenue H,Chicago,60617-5597,Cook,502,0,502,X,461,540,1,0.853703704,1.50163E+14
15-016-2990-25,12260,Thorp  J N Elem School,8914 S Buffalo Ave,Chicago,60617-3416,Cook,336,0,336,X,318,373,1,0.852546917,1.50163E+14
15-016-2990-25,12261,Thorp  O A Elem Scholastic Acad,6024 W Warwick Ave,Chicago,60634-2554,Cook,842,0,842,X,322,833,0.618487395,0.386554622,1.50163E+14
15-016-2990-25,11872,Tilden Career Communty Academy HS,4747 S Union Ave,Chicago,60609-4437,Cook,297,0,297,X,253,321,1,0.788161994,1.50163E+14
15-016-2990-25,12330,Till Elem Math & Science Academy,6543 S Champlain Ave,Chicago,60637-3441,Cook,364,0,364,X,328,381,1,0.860892389,1.50163E+14
15-016-2990-25,12262,Tilton Elem School,223 N Keeler Ave,Chicago,60624-2209,Cook,349,0,349,X,307,361,1,0.850415513,1.50163E+14
15-016-2990-25,12263,Tonti Elem School,5815 S Homan Ave,Chicago,60629-3636,Cook,1078,0,1078,X,929,1089,1,0.853076217,1.50163E+14
15-016-2990-25,12363,Turner-Drew Elem Language Academy,9300 S Princeton Ave,Chicago,60620-1514,Cook,263,0,263,X,174,303,0.918811881,0.574257426,1.50163E+14
15-016-2990-25,12265,Twain Elem School,5134 S Lotus Ave,Chicago,60638-1630,Cook,1149,0,1149,X,815,1183,1,0.688926458,1.50163E+14
15-016-2990-25,54794,Univ of Chicago Chtr-Donoghue,707 E 37th St,Chicago,60653-1406,Cook,551,0,551,X,389,557,1,0.698384201,15016299025281C
15-016-2990-25,70317,Univ of Chicago Chtr-Woodlawn,6420 S University Ave,Chicago,60637-3608,Cook,623,0,623,X,423,623,1,0.678972713,15016299025107C
15-016-2990-25,57076,Uplift Community High School,900 W Wilson Ave,Chicago,60640-5707,Cook,308,0,308,X,230,307,1,0.749185668,1.50163E+14
15-016-2990-25,64976,Urban Prep Chtr Acad Bronzeville HS,521 E 35th St,Chicago,60616-3889,Cook,369,0,369,X,283,444,1,0.637387387,15016299025013C
15-016-2990-25,11842,Urban Prep Chtr Acad Englewood HS,6201 S Stewart Ave,Chicago,60621-3247,Cook,505,0,505,X,514,739,1,0.695534506,15016299025010C
15-016-2990-25,66605,Urban Prep Chtr Acad West Campus HS,1326 W 14th Pl,Chicago,60608-2106,Cook,275,0,275,X,230,355,1,0.647887324,15016299025016C
15-016-2990-25,12266,Vanderpoel Elem Magnet School,9510 S Prospect Ave,Chicago,60643-1296,Cook,291,0,291,X,152,293,0.83003413,0.518771331,1.50163E+14
15-016-2990-25,12428,Vaughn Occupational High School,4355 N Linder Ave,Chicago,60641-1322,Cook,208,0,208,X,127,204,0.996078431,0.62254902,1.50163E+14
15-016-2990-25,12268,Volta Elem School,4950 N Avers Ave,Chicago,60625-6011,Cook,925,0,925,X,744,1009,1,0.737363727,1.50163E+14
15-016-2990-25,11873,Von Steuben Metro Science HS,5039 N Kimball Ave,Chicago,60625-4905,Cook,1739,0,1739,X,853,1647,0.828658166,0.517911354,1.50163E+14
15-016-2990-25,12270,Wacker Elem School,9746 S Morgan St,Chicago,60643-1541,Cook,290,0,290,X,175,233,1,0.751072961,1.50163E+14
15-016-2990-25,12271,Wadsworth Elem School,6650 S Ellis Ave,Chicago,60637-4216,Cook,578,0,578,X,482,554,1,0.870036101,1.50163E+14
15-016-2990-25,12272,Walsh Elem School,2015 S Peoria St,Chicago,60608-3432,Cook,365,0,365,X,327,448,1,0.729910714,1.50163E+14
15-016-2990-25,12273,Ward  J Elem School,2701 S Shields Ave,Chicago,60616-2624,Cook,565,0,565,X,330,532,0.992481203,0.620300752,1.50163E+14
15-016-2990-25,12331,Ward  L Elem School,646 N Lawndale Ave,Chicago,60624-1254,Cook,518,0,518,X,548,634,1,0.864353312,1.50163E+14
15-016-2990-25,12274,Warren Elem School,9239 S Jeffery Ave,Chicago,60617-3795,Cook,286,0,286,X,224,284,1,0.788732394,1.50163E+14
15-016-2990-25,12275,Washington  G Elem School,3611 E 114th St,Chicago,60617-7498,Cook,889,0,889,X,514,862,0.954060325,0.596287703,1.50163E+14
15-016-2990-25,12191,Washington  H Elem School,9130 S University Ave,Chicago,60619-7922,Cook,376,0,376,X,343,457,1,0.750547046,1.50163E+14
15-016-2990-25,11875,Washington G High School,3535 E 114th St,Chicago,60617-7021,Cook,1440,0,1440,X,910,1407,1,0.646766169,1.50163E+14
15-016-2990-25,12276,Waters Elem School,4540 N Campbell Ave,Chicago,60625-3006,Cook,634,0,634,X,211,622,0.542765273,0.339228296,1.50163E+14
15-016-2990-25,12277,Webster Elem School,4055 W Arthington St,Chicago,60624-3502,Cook,310,0,310,X,261,312,1,0.836538462,1.50163E+14
15-016-2990-25,11876,Wells Community Academy HS,936 N Ashland Ave,Chicago,60622-5118,Cook,392,0,392,X,405,530,1,0.764150943,1.50163E+14
15-016-2990-25,12278,Wentworth Elem School,1340 W 71st St,Chicago,60636-4150,Cook,508,0,508,X,515,598,1,0.861204013,1.50163E+14
15-016-2990-25,12415,West Park Elem Academy,1425 N Tripp Ave,Chicago,60651-1829,Cook,648,0,648,X,522,620,1,0.841935484,1.50163E+14
15-016-2990-25,64673,West Ridge Elem School,6700 N Whipple St,Chicago,60645-4123,Cook,805,0,805,X,543,761,1,0.713534823,1.50163E+14
15-016-2990-25,12279,Westcott Elem School,409 W 80th St,Chicago,60620-1135,Cook,423,0,423,X,299,374,1,0.799465241,1.50163E+14
15-016-2990-25,62706,Westinghouse High School,3223 W Franklin Blvd,Chicago,60624-1502,Cook,1189,0,1189,X,676,1121,0.96485281,0.603033006,1.50163E+14
15-016-2990-25,12282,Whistler Elem School,11533 S Ada St,Chicago,60643-5198,Cook,310,0,310,X,228,293,1,0.778156997,1.50163E+14
15-016-2990-25,12318,White Elem Career Academy,1136 W 122nd St,Chicago,60643-5542,Cook,181,0,181,X,152,189,1,0.804232804,1.50163E+14
15-016-2990-25,12283,Whitney Elem School,2815 S Komensky Ave,Chicago,60623-4450,Cook,1042,0,1042,X,962,1114,1,0.863554758,1.50163E+14
15-016-2990-25,12284,Whittier Elem School,1900 W 23rd St,Chicago,60608-4208,Cook,269,0,269,X,260,326,1,0.797546012,1.50163E+14
15-016-2990-25,12285,Wildwood Elem School,6950 N Hiawatha Ave,Chicago,60646-1340,Cook,488,0,488,X,83,426,0.311737089,0.194835681,1.50163E+14
15-016-2990-25,69727,Williams Medical Prep High Sch,4934 S Wabash Ave,Chicago,60615-2115,Cook,242,0,242,X,210,282,1,0.744680851,1.50163E+14
15-016-2990-25,12433,Woodlawn Elem Community School,6657 S Kimbark Ave,Chicago,60637-4481,Cook,195,0,195,X,161,202,1,0.797029703,1.50163E+14
15-016-2990-25,12288,Woodson South Elem School,4414 S Evans Ave,Chicago,60653-3519,Cook,643,0,643,X,511,700,1,0.73,1.50163E+14
15-016-2990-25,12291,Yates Elem School,1839 N Richmond St,Chicago,60647-5125,Cook,510,0,510,X,501,600,1,0.835,1.50163E+14
15-016-2990-25,12290,Young Elem School,1434 N Parkside Ave,Chicago,60651-1106,Cook,882,0,882,X,806,1038,1,0.776493256,1.50163E+14
15-016-2990-25,11890,Young Magnet High School,211 S Laflin St,Chicago,60607-5305,Cook,2122,0,2122,X,658,2191,0.480511182,0.300319489,1.50163E+14
15-016-2990-25,46538,Young Womens Leadership Charter,2641 S Calumet Ave,Chicago,60616-2901,Cook,258,0,258,X,220,319,1,0.689655172,15016299025007C
15-016-2990-25,12411,Zapata Elem Academy,2728 S Kostner Ave,Chicago,60623-4218,Cook,837,0,837,X,729,911,1,0.800219539,1.50163E+14